ID_Carton;Num_1;Num_2;Num_3;Num_4;Num_5;Num_6;Num_7;Num_8;Num_9;Num_10
1;5;19;23;25;28;31;32;50;58;60
2;12;15;24;26;29;34;40;41;46;52
3;8;15;17;18;22;33;34;36;51;57
4;4;6;10;12;34;35;39;50;53;59
5;9;13;14;15;16;25;26;38;48;49
6;3;5;18;20;23;27;43;45;49;52
7;2;3;10;13;14;15;20;30;44;50
8;22;24;26;29;41;43;51;52;55;60
9;1;3;19;27;30;32;38;39;46;48
10;12;15;19;23;34;41;45;48;56;57
11;4;7;10;12;22;24;25;32;40;53
12;3;6;10;13;24;27;39;40;44;58
13;7;9;12;13;14;16;17;22;25;48
14;4;18;21;25;28;31;39;52;53;54
15;4;9;11;18;22;23;31;52;57;59
16;10;11;13;18;19;23;26;40;41;42
17;3;14;16;30;33;40;46;48;53;58
18;1;3;5;37;39;41;47;48;50;55
19;6;8;10;12;20;29;45;46;49;54
20;10;17;22;31;42;44;45;49;52;59
21;8;12;15;24;27;33;38;40;51;59
22;3;13;14;28;37;39;47;48;51;52
23;18;25;26;28;29;34;39;42;53;58
24;3;17;25;27;33;34;36;48;51;54
25;10;14;17;20;30;38;41;51;54;55
26;4;14;15;16;22;37;38;51;56;57
27;8;13;15;25;27;28;31;46;51;53
28;4;10;11;18;27;32;40;44;48;53
29;9;17;21;27;28;32;55;56;57;59
30;6;10;11;13;14;15;21;44;52;54
31;4;12;25;26;37;38;46;55;56;58
32;11;16;18;21;23;24;26;27;44;50
33;13;17;18;22;23;42;48;51;57;60
34;3;6;8;9;10;17;19;39;55;56
35;6;11;23;26;28;29;30;55;56;59
36;1;9;12;14;19;30;32;35;38;40
37;7;9;24;27;30;32;43;45;50;51
38;7;14;22;28;35;45;46;50;51;54
39;5;10;13;16;21;30;32;45;50;56
40;1;6;8;11;14;16;37;38;44;50
41;4;6;25;27;29;33;38;41;48;57
42;3;9;11;20;23;28;31;39;40;49
43;2;5;9;14;22;26;36;41;42;56
44;2;29;32;38;41;48;49;52;55;56
45;9;13;20;25;30;32;41;47;57;60
46;9;11;15;17;26;31;43;44;48;56
47;2;10;13;14;15;18;29;33;34;50
48;8;20;23;27;33;36;45;47;55;59
49;2;6;11;18;25;26;31;35;54;57
50;1;4;6;10;11;17;34;43;48;60
51;16;17;18;24;28;29;32;43;44;60
52;5;7;11;13;20;28;36;43;44;54
53;2;3;5;24;26;35;43;46;47;49
54;1;2;4;8;12;13;14;15;28;54
55;1;3;26;33;35;42;43;48;52;58
56;6;10;21;22;27;33;36;39;54;55
57;1;10;13;17;19;24;29;36;39;56
58;5;18;22;25;26;30;41;54;56;60
59;3;5;12;22;23;24;33;34;35;46
60;8;9;23;24;42;44;55;56;58;60
61;2;10;28;32;43;44;48;51;58;60
62;1;3;5;13;15;23;36;37;56;57
63;6;10;24;32;42;43;51;54;58;59
64;2;3;13;22;27;31;32;40;46;60
65;2;7;9;11;17;22;24;30;37;58
66;2;3;18;23;24;27;29;31;32;42
67;1;2;16;17;19;31;32;45;46;55
68;5;25;27;39;43;45;47;49;54;59
69;3;6;20;23;24;25;35;37;59;60
70;1;3;4;7;9;12;27;40;44;57
71;2;8;17;18;29;31;33;34;37;40
72;14;29;37;39;46;49;53;55;57;58
73;9;10;11;16;17;27;31;39;44;55
74;4;6;8;14;22;23;39;50;51;59
75;11;17;18;24;31;34;36;52;59;60
76;1;4;6;14;17;26;34;45;53;54
77;5;13;15;18;20;29;31;34;50;51
78;9;12;20;22;23;33;36;48;49;53
79;7;9;10;26;28;40;43;44;45;56
80;4;5;10;22;27;29;35;40;43;49
81;3;4;9;15;26;28;31;35;40;56
82;3;4;7;9;21;26;30;34;38;48
83;6;7;8;9;13;14;23;40;47;49
84;3;5;13;19;26;27;29;40;45;50
85;1;3;6;9;15;17;24;39;42;47
86;3;8;11;12;25;26;32;40;43;50
87;10;11;13;25;37;46;51;54;55;60
88;6;14;15;23;32;35;37;38;39;54
89;7;11;12;18;28;38;40;45;59;60
90;5;32;36;38;43;44;51;53;56;57
91;4;11;14;24;30;33;45;47;50;58
92;6;8;9;11;15;22;32;49;50;59
93;1;5;17;23;26;27;28;29;41;49
94;1;11;21;26;28;36;42;54;57;58
95;9;17;18;22;25;30;37;40;42;44
96;2;3;13;21;26;27;39;40;58;59
97;4;9;12;15;18;21;36;37;46;60
98;8;21;23;28;39;43;48;50;52;54
99;3;5;13;15;38;39;40;55;59;60
100;3;16;28;32;40;46;48;50;57;58
101;4;5;14;21;23;24;31;41;51;53
102;4;8;12;31;34;35;37;53;56;59
103;8;13;15;17;22;29;38;45;55;58
104;5;12;13;22;32;34;39;42;49;55
105;4;16;20;22;27;34;36;50;54;55
106;2;7;16;23;27;38;40;41;45;58
107;24;29;33;34;35;37;46;47;51;53
108;2;15;19;29;36;42;47;50;51;53
109;1;7;19;23;27;35;37;49;53;59
110;2;6;9;13;14;39;40;43;51;58
111;15;16;17;29;39;41;43;54;58;60
112;12;24;33;36;39;40;41;47;55;59
113;4;6;7;15;20;29;35;37;43;59
114;6;7;11;12;28;37;46;50;54;56
115;2;4;9;15;23;35;40;47;53;59
116;18;31;33;34;45;46;52;55;59;60
117;6;11;13;21;43;47;49;53;57;58
118;9;13;21;26;27;39;45;47;50;51
119;1;10;23;33;38;44;50;54;55;56
120;5;9;14;16;21;28;43;44;53;54
121;5;12;14;27;28;32;33;38;42;53
122;9;11;17;24;33;41;43;48;50;56
123;3;14;19;27;29;43;46;50;51;56
124;1;5;27;32;39;41;48;50;51;60
125;1;18;22;23;24;26;34;44;48;53
126;3;5;8;14;15;21;28;35;38;41
127;15;18;22;33;35;48;53;56;58;59
128;1;13;19;27;37;40;46;49;53;54
129;6;14;17;18;29;41;44;48;54;60
130;10;11;22;23;24;25;26;28;32;44
131;3;4;9;17;29;55;56;57;59;60
132;1;2;11;13;17;19;22;44;47;53
133;2;3;14;18;25;32;35;39;42;57
134;2;5;6;9;16;26;32;38;47;60
135;2;9;12;32;37;38;39;43;45;48
136;5;6;7;12;15;33;34;40;46;55
137;7;10;15;18;24;26;47;49;51;56
138;7;8;11;12;17;34;35;37;38;47
139;4;10;11;15;25;35;43;48;49;51
140;4;8;9;16;19;20;23;36;49;60
141;2;4;9;19;22;24;35;40;46;49
142;6;8;18;19;21;32;34;43;45;54
143;3;22;33;34;36;37;48;52;56;58
144;10;16;24;25;27;29;31;49;55;60
145;11;15;18;25;38;41;42;44;50;55
146;1;3;18;19;20;22;26;47;55;59
147;6;14;16;22;32;33;34;35;36;45
148;1;5;8;21;33;37;38;39;52;54
149;1;18;20;27;29;35;42;47;55;60
150;11;19;34;36;42;45;46;49;50;58
151;15;22;34;40;49;53;55;56;58;60
152;3;10;13;18;21;35;45;48;51;58
153;4;10;12;24;33;34;51;52;56;59
154;1;2;7;9;12;16;22;23;39;55
155;11;13;21;24;27;31;37;40;44;55
156;4;16;18;24;38;39;51;52;54;58
157;8;10;14;19;21;24;44;51;55;59
158;3;9;25;27;28;34;48;55;56;60
159;2;17;29;30;38;45;48;53;57;60
160;4;10;28;30;32;34;42;51;52;56
161;13;19;22;44;45;49;53;55;57;59
162;7;10;19;20;24;25;26;38;40;46
163;2;9;15;18;19;20;28;34;50;56
164;4;5;19;22;28;32;36;48;49;58
165;8;11;13;16;18;31;45;46;55;58
166;7;8;22;36;38;41;43;47;54;56
167;11;12;19;22;29;35;38;44;45;52
168;11;13;16;23;26;33;34;37;42;52
169;11;15;21;37;43;44;48;49;59;60
170;1;3;5;22;38;41;51;53;55;57
171;2;13;15;25;26;31;42;48;50;60
172;8;10;11;13;31;38;43;48;51;53
173;7;12;15;24;31;37;42;43;47;49
174;8;9;13;25;27;35;49;56;58;60
175;2;5;7;12;26;38;39;45;49;54
176;1;7;9;11;21;22;34;39;59;60
177;2;10;25;32;37;38;44;45;56;57
178;25;27;32;34;40;41;48;50;54;57
179;10;14;21;27;28;36;41;44;50;60
180;11;19;22;27;35;36;42;45;53;56
181;15;19;26;33;43;44;47;51;57;58
182;4;5;9;25;31;38;42;46;47;59
183;25;26;27;36;41;43;45;49;50;56
184;3;4;8;13;24;27;32;34;58;59
185;15;24;34;44;48;49;50;55;58;59
186;8;17;28;37;41;43;46;48;56;60
187;1;12;14;19;22;34;42;44;49;57
188;6;9;10;14;21;25;27;28;29;40
189;10;14;15;18;19;32;44;45;48;57
190;3;4;7;8;13;16;20;28;52;60
191;1;4;13;20;24;28;32;39;46;58
192;17;19;21;27;32;33;38;42;58;60
193;6;8;10;12;17;25;26;28;40;58
194;8;10;11;22;28;30;31;35;38;47
195;3;6;19;21;25;29;37;43;46;59
196;4;13;14;27;35;40;41;42;47;48
197;13;14;22;28;43;45;47;53;57;60
198;6;19;22;23;30;38;41;56;57;60
199;2;4;5;13;16;17;30;44;46;53
200;3;5;16;23;30;39;43;47;58;59
201;6;18;27;30;32;36;40;43;44;60
202;9;11;15;18;34;37;40;47;57;60
203;5;8;9;21;24;27;30;33;42;48
204;6;13;14;19;20;36;37;42;44;52
205;6;9;10;20;25;26;30;50;59;60
206;8;16;21;24;38;42;43;45;52;60
207;1;3;8;15;17;21;32;38;39;56
208;7;9;16;18;19;26;35;47;48;52
209;1;10;13;14;27;29;45;49;59;60
210;16;19;21;25;32;38;43;48;55;56
211;7;16;19;37;39;40;46;54;55;60
212;6;14;19;24;25;31;33;39;48;53
213;5;10;16;36;37;39;45;48;58;59
214;5;14;16;18;25;34;41;44;46;56
215;2;6;15;18;19;26;28;46;49;56
216;6;17;22;24;27;31;32;46;48;49
217;8;16;17;23;28;29;32;48;51;58
218;8;19;24;26;31;35;42;52;56;58
219;2;13;16;21;24;25;26;37;49;60
220;6;19;26;31;34;38;41;45;49;57
221;19;26;28;30;35;41;44;52;53;60
222;8;12;15;21;31;38;40;46;48;53
223;14;17;23;27;36;39;41;44;45;51
224;1;12;14;17;20;24;38;56;57;59
225;2;11;17;34;38;42;44;47;48;58
226;1;6;19;20;44;45;48;54;56;58
227;4;14;17;31;32;33;38;42;46;54
228;1;5;6;8;27;33;42;43;44;56
229;4;6;9;16;24;31;46;47;51;59
230;1;3;15;26;30;37;40;43;55;57
231;16;18;20;23;41;44;46;49;54;57
232;1;11;29;30;39;41;42;56;57;58
233;5;11;18;25;42;46;54;55;57;59
234;3;7;10;31;33;47;49;53;56;59
235;7;27;29;33;34;41;44;47;48;59
236;3;5;9;18;20;28;31;37;39;58
237;1;4;18;27;36;39;42;46;56;59
238;2;8;10;18;26;31;38;44;52;59
239;5;15;26;33;34;47;50;52;54;56
240;1;2;18;38;39;44;45;50;51;60
241;4;6;8;10;11;20;22;39;55;56
242;1;7;13;25;27;33;34;41;44;55
243;7;11;13;17;36;46;51;52;54;59
244;9;11;16;21;27;35;36;37;41;44
245;1;11;13;16;17;24;34;38;56;60
246;9;17;24;36;38;47;51;54;55;60
247;8;13;19;24;26;35;43;48;52;55
248;1;5;9;24;26;30;36;54;58;59
249;5;9;18;20;22;24;29;40;47;49
250;5;6;8;10;17;18;23;40;41;54
251;1;4;5;12;26;32;37;50;51;58
252;8;12;14;30;34;41;42;45;52;53
253;6;7;8;11;15;25;36;39;48;59
254;2;3;11;13;20;35;40;51;53;57
255;1;7;14;18;22;25;26;34;35;50
256;7;11;21;23;36;40;45;47;49;56
257;4;6;9;11;16;32;33;34;58;60
258;1;4;6;8;9;19;31;34;48;55
259;5;7;8;10;11;17;36;47;50;57
260;2;3;6;7;12;16;21;27;44;59
261;1;4;18;23;35;36;39;43;45;48
262;2;8;12;21;36;41;43;46;49;59
263;7;12;14;15;21;29;31;38;43;57
264;1;13;19;27;36;38;44;45;47;54
265;1;4;17;27;29;41;44;48;54;57
266;5;14;17;23;29;37;43;49;52;58
267;1;3;21;28;29;39;42;49;58;60
268;5;8;15;21;26;34;35;36;56;58
269;16;24;26;35;36;37;38;39;52;59
270;12;15;24;28;32;35;38;46;47;49
271;5;6;7;9;31;35;42;45;52;56
272;8;13;25;31;33;34;35;42;47;57
273;3;15;27;31;32;38;41;48;49;51
274;10;24;33;37;38;44;46;48;51;55
275;11;12;19;21;27;28;35;44;51;54
276;5;7;11;18;25;30;34;41;45;46
277;7;9;18;32;42;46;49;52;53;54
278;7;12;13;32;35;40;44;46;55;58
279;3;5;9;14;27;35;47;48;55;56
280;4;7;20;39;40;45;52;53;58;60
281;2;4;8;23;30;31;33;42;53;58
282;1;5;13;15;23;26;27;31;49;60
283;7;8;14;16;36;37;40;46;49;50
284;4;6;9;11;23;33;37;52;56;58
285;8;17;22;42;45;49;50;51;52;55
286;5;16;18;24;26;28;40;41;49;57
287;10;19;27;31;39;41;45;50;55;56
288;7;13;16;23;30;36;44;47;53;54
289;3;5;6;11;18;29;33;34;37;41
290;8;17;19;23;25;26;28;36;39;52
291;6;10;21;30;49;50;53;55;57;60
292;3;7;8;11;25;27;29;36;42;53
293;3;6;10;13;34;35;39;41;54;57
294;12;14;18;23;24;29;35;37;54;57
295;8;10;18;19;31;35;46;50;54;55
296;2;8;15;18;21;22;23;27;54;58
297;4;14;16;20;21;23;33;44;49;55
298;8;9;12;22;23;26;27;31;50;59
299;3;10;17;26;27;28;34;42;43;59
300;6;7;12;24;29;43;44;46;51;54
301;2;9;12;13;20;31;33;37;56;57
302;1;2;23;27;30;34;38;50;54;55
303;18;21;27;36;37;44;45;46;51;54
304;3;12;21;22;24;26;32;37;43;59
305;11;12;18;19;21;27;31;45;48;53
306;8;11;25;36;37;38;40;50;53;54
307;12;15;21;27;31;36;42;47;48;55
308;1;7;9;13;17;23;26;32;45;60
309;1;3;10;12;13;26;29;30;33;53
310;4;5;12;13;16;30;32;38;47;51
311;19;21;33;34;40;46;47;50;54;56
312;3;4;5;6;8;11;13;31;32;42
313;6;8;13;20;22;28;37;44;54;58
314;3;6;9;17;27;34;39;41;56;57
315;2;6;21;28;32;38;49;52;56;57
316;1;3;5;6;8;11;20;22;38;41
317;10;17;18;23;26;31;35;40;41;48
318;5;16;19;30;36;37;43;47;50;58
319;4;13;16;21;28;34;40;46;47;60
320;5;20;23;34;45;48;51;53;56;58
321;1;6;10;13;16;27;36;49;53;55
322;11;19;20;22;33;35;44;48;55;59
323;4;9;22;27;32;42;46;48;49;56
324;9;13;19;31;35;36;38;48;53;56
325;2;3;5;10;14;37;41;47;51;56
326;15;19;21;37;44;47;51;55;58;60
327;3;9;23;26;31;32;35;36;45;51
328;2;6;7;10;25;35;36;48;52;55
329;1;2;3;7;17;21;26;51;56;59
330;19;20;21;29;35;46;48;49;55;58
331;3;4;18;19;21;33;34;35;38;54
332;4;14;15;16;19;27;32;39;52;60
333;5;8;11;12;14;17;20;29;31;43
334;6;9;11;12;28;37;39;40;51;52
335;6;16;20;22;31;49;51;56;57;60
336;7;12;14;16;23;30;47;52;54;57
337;11;16;29;30;34;42;47;48;55;59
338;3;9;14;19;21;26;42;45;52;53
339;3;15;17;18;25;31;32;36;46;50
340;2;5;15;30;32;38;45;50;57;60
341;10;21;27;31;34;47;48;49;55;56
342;1;10;14;19;29;42;44;45;49;51
343;3;16;18;19;41;43;50;53;57;58
344;6;9;12;16;19;29;32;33;34;37
345;1;5;12;13;14;29;32;33;52;55
346;2;3;12;15;29;33;40;48;53;58
347;1;4;5;13;30;37;46;56;57;60
348;4;8;10;12;15;20;21;28;33;52
349;3;13;20;29;31;32;41;46;50;51
350;2;14;24;29;36;42;47;49;50;53
351;14;21;29;30;35;36;38;46;47;58
352;12;20;29;33;41;43;53;57;58;59
353;2;3;16;30;41;43;48;50;57;58
354;1;10;18;23;28;34;40;41;48;50
355;5;7;10;18;24;29;33;37;56;60
356;13;15;19;29;32;34;37;42;51;57
357;10;16;20;25;42;44;45;50;51;56
358;10;15;19;22;27;30;31;34;56;60
359;9;13;25;28;32;35;36;39;44;49
360;4;10;13;37;41;44;48;53;58;59
361;3;13;15;37;39;42;44;52;54;55
362;14;28;38;39;42;43;47;50;51;57
363;6;18;21;27;28;33;43;44;55;59
364;16;20;21;22;28;33;36;47;51;59
365;9;17;19;25;27;39;42;47;53;59
366;2;3;4;9;10;23;31;34;39;54
367;4;5;6;14;20;26;34;41;57;59
368;1;13;16;22;24;25;33;47;56;57
369;5;6;28;32;37;38;41;48;50;59
370;3;4;7;10;11;19;28;40;46;57
371;5;7;19;34;39;40;45;47;48;55
372;2;3;5;7;8;30;31;41;47;50
373;1;4;23;39;40;44;48;51;54;55
374;20;21;23;28;35;36;37;38;44;50
375;9;15;16;25;30;49;51;55;59;60
376;3;11;19;27;28;32;33;38;43;47
377;7;29;34;39;40;48;54;56;58;59
378;2;13;18;19;28;31;32;38;49;56
379;1;15;23;25;31;39;41;49;56;60
380;14;16;17;18;24;34;36;53;54;56
381;2;9;20;32;42;48;49;56;58;59
382;7;10;13;20;33;34;36;37;41;49
383;3;9;13;24;32;43;47;48;55;56
384;12;14;23;26;30;31;32;40;46;55
385;1;3;6;7;10;21;32;35;47;55
386;12;25;27;28;32;38;42;47;56;58
387;2;16;20;23;27;29;36;46;56;58
388;4;7;14;15;33;35;36;47;48;59
389;2;7;19;35;43;44;46;49;55;58
390;5;14;33;35;39;42;47;49;50;59
391;9;13;14;16;19;21;26;40;47;60
392;2;3;13;15;18;22;28;31;36;45
393;13;18;32;38;42;43;47;48;51;59
394;2;6;8;15;24;30;39;41;50;60
395;5;10;12;15;31;33;37;38;47;51
396;3;15;16;19;22;24;33;43;45;53
397;2;13;18;34;39;41;42;49;50;57
398;6;10;13;18;24;29;35;41;44;49
399;2;3;7;21;26;30;31;36;46;58
400;2;18;19;36;48;49;52;54;56;58
401;6;11;16;18;20;40;46;49;54;59
402;1;5;8;14;21;23;41;47;50;60
403;7;8;21;28;37;39;44;52;53;60
404;7;9;22;29;31;38;42;48;49;55
405;3;6;12;20;24;33;36;37;52;60
406;5;12;26;27;33;39;45;54;55;59
407;11;12;14;17;20;21;26;37;49;57
408;3;8;22;24;25;38;41;47;50;60
409;13;16;21;24;30;32;43;45;47;59
410;5;6;8;9;17;30;37;41;47;49
411;1;5;11;20;28;30;32;34;46;58
412;1;2;11;15;25;27;50;57;58;59
413;4;5;6;19;33;50;51;54;58;60
414;8;13;20;21;22;25;32;40;51;60
415;6;10;12;18;20;27;29;31;50;55
416;6;10;21;35;38;48;49;51;56;59
417;3;16;19;20;21;23;24;26;51;57
418;13;14;16;17;18;35;42;52;54;57
419;1;8;19;21;25;44;47;49;54;60
420;11;17;23;33;36;45;46;52;54;55
421;1;3;10;23;24;40;51;54;57;58
422;14;15;16;17;26;27;40;45;58;59
423;1;5;8;12;29;31;44;49;53;55
424;11;14;16;19;21;23;37;41;49;50
425;1;3;10;24;40;42;46;50;56;60
426;1;24;25;28;29;31;35;41;43;47
427;2;5;17;23;26;28;30;31;46;51
428;10;11;14;18;20;23;35;37;47;59
429;9;30;31;32;35;46;47;48;53;60
430;3;11;22;27;32;35;42;51;52;59
431;11;19;22;37;40;41;42;45;46;60
432;2;7;16;24;25;32;34;37;45;48
433;2;7;32;33;34;41;43;48;55;59
434;11;13;15;29;39;41;49;53;54;58
435;12;20;22;28;31;38;39;48;49;58
436;11;12;13;17;20;23;30;34;48;58
437;4;8;9;11;13;16;20;26;51;58
438;1;5;12;26;30;33;35;39;52;56
439;4;12;17;36;41;44;48;49;51;55
440;3;10;24;34;49;50;55;56;58;59
441;10;18;20;22;30;39;45;54;59;60
442;13;20;22;38;43;46;47;49;51;57
443;5;9;12;13;23;25;34;51;54;57
444;2;3;5;32;39;45;47;52;54;55
445;10;11;12;23;26;35;46;48;52;53
446;21;22;37;43;44;46;47;51;52;59
447;1;4;9;17;27;28;33;43;55;58
448;3;5;16;23;31;33;42;46;49;55
449;1;6;13;24;41;46;49;50;57;59
450;10;13;29;30;32;40;50;55;57;58
451;5;6;13;15;21;23;36;39;50;51
452;6;9;12;13;24;25;27;29;49;53
453;7;12;19;27;33;42;43;50;59;60
454;1;5;7;12;15;23;27;32;39;51
455;9;13;14;20;26;27;48;49;52;56
456;3;10;25;26;30;31;41;46;53;60
457;1;7;27;29;32;37;43;45;53;55
458;5;7;13;18;19;24;30;43;49;58
459;3;8;35;44;46;48;49;52;57;60
460;7;12;31;40;48;50;56;58;59;60
461;11;21;24;27;32;35;46;53;55;60
462;3;15;16;24;26;32;33;38;57;60
463;8;9;11;14;29;30;31;38;40;57
464;2;3;5;13;21;25;26;28;40;54
465;1;4;11;12;13;17;22;34;40;43
466;4;6;8;11;22;31;36;42;48;60
467;2;6;20;25;30;40;41;45;46;55
468;6;36;38;41;42;43;44;46;51;52
469;3;4;11;17;22;28;41;47;49;57
470;2;10;33;37;39;44;47;49;50;52
471;4;9;13;14;28;29;43;45;48;59
472;7;15;18;23;33;34;46;47;55;60
473;7;9;10;16;29;31;32;44;52;59
474;16;17;21;31;33;35;44;48;51;53
475;7;26;29;33;36;38;45;48;53;56
476;7;10;21;32;34;36;40;47;54;58
477;3;4;7;12;29;39;41;44;54;58
478;7;9;13;17;22;29;33;38;49;51
479;4;5;14;15;16;24;27;34;52;54
480;1;4;6;8;11;19;44;45;46;49
481;1;4;9;10;24;29;40;48;50;60
482;3;14;16;29;35;38;41;44;54;57
483;8;9;13;16;17;26;32;52;53;60
484;6;7;12;20;25;31;36;42;47;53
485;13;16;17;20;28;33;36;43;57;59
486;2;3;13;20;21;25;27;37;39;49
487;7;9;13;25;26;27;34;42;49;52
488;5;11;17;29;32;35;48;52;55;56
489;4;6;12;14;15;21;24;35;36;39
490;5;20;23;29;35;36;39;49;55;56
491;14;17;22;27;30;34;35;36;52;56
492;5;6;12;14;17;20;28;38;44;54
493;2;3;12;18;20;25;28;30;50;55
494;7;14;25;32;37;41;44;46;47;56
495;6;8;22;23;34;36;38;44;52;58
496;8;10;22;33;35;39;40;41;52;58
497;5;9;15;23;27;35;36;38;49;59
498;4;13;14;22;24;25;36;42;49;53
499;7;17;23;39;40;41;42;43;45;59
500;1;4;10;13;17;21;37;40;45;53
501;6;9;12;17;28;37;38;44;50;57
502;3;13;18;26;36;39;42;43;49;56
503;3;7;10;20;21;33;39;43;55;56
504;6;7;9;11;18;36;38;45;48;56
505;3;19;20;25;29;34;38;50;57;60
506;8;21;22;28;31;35;39;51;55;60
507;11;15;27;31;34;43;48;51;57;59
508;6;7;12;13;15;32;40;43;46;60
509;6;8;25;33;43;46;47;52;53;59
510;1;2;5;14;16;20;28;32;33;50
511;10;24;26;27;28;53;54;55;58;59
512;5;6;9;13;16;39;44;48;51;60
513;3;5;18;19;24;28;35;45;52;56
514;9;11;18;21;27;35;38;42;54;58
515;1;4;7;10;25;34;36;38;47;49
516;13;18;27;29;30;40;44;45;47;52
517;13;17;19;20;24;37;43;44;50;59
518;1;2;15;21;22;24;36;37;39;60
519;3;10;18;22;25;40;43;51;54;56
520;8;12;15;21;29;31;38;44;49;58
521;5;15;30;35;36;43;47;50;52;55
522;15;16;17;22;26;38;48;52;54;58
523;4;11;12;13;17;20;26;41;42;59
524;1;5;12;19;37;43;45;49;59;60
525;11;23;26;30;34;35;42;50;54;60
526;2;16;19;30;34;38;41;45;50;60
527;1;6;11;20;31;38;39;43;54;57
528;3;4;11;16;18;22;23;28;42;50
529;1;8;14;20;25;29;31;35;36;51
530;2;12;17;19;22;28;30;40;46;58
531;13;14;22;27;29;40;44;47;48;59
532;12;13;21;25;28;40;41;43;49;53
533;6;7;9;21;31;43;44;47;55;57
534;2;12;18;22;25;39;40;43;47;48
535;4;12;23;24;26;27;42;45;48;50
536;1;14;19;20;24;34;39;55;57;59
537;10;15;29;31;32;39;45;47;55;59
538;16;18;27;32;43;55;57;58;59;60
539;3;4;7;10;11;16;28;32;46;55
540;4;8;16;22;23;39;49;52;56;59
541;3;6;11;12;16;20;22;28;49;50
542;17;26;29;30;31;46;47;54;55;58
543;4;5;17;18;22;24;35;39;58;59
544;2;8;18;27;36;44;45;50;54;59
545;1;19;31;33;39;41;44;45;47;59
546;5;9;11;33;39;41;49;53;54;59
547;10;16;17;18;26;30;37;43;51;55
548;4;11;16;19;21;29;38;43;48;50
549;2;9;11;20;23;24;35;38;41;58
550;9;16;26;28;30;40;43;47;57;59
551;1;5;16;24;27;31;32;47;56;60
552;3;6;12;18;31;32;41;43;44;59
553;4;11;12;13;15;19;42;44;47;55
554;13;14;21;30;31;33;34;38;42;56
555;10;15;22;23;26;30;31;44;45;53
556;3;16;18;28;29;35;38;42;49;60
557;10;11;17;19;25;30;33;48;52;54
558;3;12;15;17;22;44;47;49;55;60
559;6;15;20;26;40;42;45;46;49;60
560;2;3;5;14;26;28;31;34;44;45
561;1;7;11;16;34;40;45;48;52;55
562;8;15;19;25;36;39;43;45;51;53
563;11;15;17;20;28;30;31;47;52;56
564;4;10;22;24;28;31;32;46;48;57
565;7;9;13;16;26;32;39;42;44;56
566;1;6;23;28;40;42;45;47;50;52
567;2;5;8;11;20;24;33;50;55;58
568;10;17;18;20;22;31;40;48;54;59
569;3;7;25;28;33;37;41;46;52;60
570;4;5;9;12;18;24;28;35;54;57
571;5;6;9;10;12;17;26;36;42;50
572;10;17;20;21;27;30;33;43;47;52
573;2;3;4;16;17;24;40;48;50;54
574;1;7;14;16;21;30;44;47;49;55
575;2;3;18;22;29;32;33;34;36;43
576;14;16;19;20;23;31;38;39;58;59
577;11;22;23;26;27;43;44;47;52;55
578;9;18;21;24;29;36;46;49;50;59
579;2;6;10;13;24;28;30;40;50;52
580;8;13;27;29;31;32;34;36;39;52
581;1;9;11;12;19;31;36;43;47;57
582;16;18;30;32;34;36;44;49;52;59
583;7;8;12;13;18;19;32;36;45;56
584;1;9;14;16;28;35;36;48;50;60
585;4;10;18;20;24;31;32;37;52;56
586;2;7;11;13;18;23;28;45;46;53
587;7;9;12;15;21;30;36;49;54;59
588;5;6;8;16;20;21;29;30;37;45
589;2;7;15;25;30;38;43;46;48;51
590;2;3;10;27;29;33;40;49;52;54
591;9;25;29;33;38;44;45;50;51;53
592;7;9;11;17;19;35;49;50;57;60
593;3;6;12;14;15;17;19;22;27;57
594;5;9;11;16;17;19;24;28;52;58
595;1;5;15;17;29;30;31;36;41;53
596;16;19;28;32;33;35;39;43;45;53
597;3;7;9;12;17;22;31;36;43;59
598;12;16;18;19;30;31;35;50;57;59
599;3;10;12;14;15;16;17;47;55;60
600;12;15;18;28;30;34;35;40;42;57
601;1;5;16;26;31;33;37;38;53;55
602;1;8;20;22;23;32;36;38;48;52
603;1;4;10;15;25;34;43;51;55;57
604;1;10;12;24;26;34;44;49;50;55
605;1;5;12;26;27;37;42;48;54;58
606;4;7;10;19;21;30;46;48;51;52
607;3;4;6;12;33;34;36;38;47;53
608;9;20;21;33;42;43;53;55;58;60
609;20;23;25;27;29;36;39;51;52;57
610;4;10;25;26;33;36;42;43;53;56
611;3;5;21;24;29;33;36;38;41;50
612;7;9;12;13;14;26;29;36;46;54
613;28;33;36;37;38;39;45;54;55;58
614;3;7;13;15;18;24;26;40;49;56
615;14;15;18;19;25;28;30;41;57;58
616;5;17;28;31;35;42;45;46;47;54
617;4;11;13;16;26;33;40;41;53;55
618;2;8;15;26;32;34;44;47;51;56
619;3;15;18;24;25;28;36;37;44;46
620;8;9;11;14;27;31;38;43;45;56
621;10;12;26;27;34;39;43;46;49;59
622;11;13;19;31;33;34;46;53;56;59
623;3;4;10;13;14;36;39;51;53;59
624;2;15;29;37;39;44;45;52;59;60
625;2;7;27;31;33;34;45;51;54;60
626;1;3;16;26;30;33;36;51;57;59
627;9;16;27;28;34;35;36;40;50;53
628;1;5;19;29;31;32;34;35;42;53
629;2;6;11;13;17;20;31;44;47;49
630;5;6;18;21;35;37;45;46;51;53
631;15;17;21;22;28;30;36;46;50;59
632;8;9;12;18;25;30;32;34;36;53
633;14;18;20;34;36;37;41;56;59;60
634;9;10;15;16;17;25;32;45;47;51
635;5;6;8;10;14;16;41;49;59;60
636;2;8;11;12;18;32;40;48;50;59
637;8;9;12;22;32;35;40;56;59;60
638;7;20;22;27;36;37;42;47;55;60
639;3;12;17;18;23;27;39;40;42;46
640;6;8;13;16;20;21;28;30;31;51
641;8;15;23;25;28;35;46;52;58;59
642;18;19;25;26;29;30;34;44;45;60
643;1;6;12;25;27;28;32;48;56;59
644;2;8;18;26;27;32;36;49;57;58
645;1;9;18;30;33;41;42;45;50;59
646;12;17;24;31;33;36;38;43;46;50
647;2;5;19;35;37;47;50;56;57;60
648;10;14;22;26;31;36;39;47;51;54
649;5;9;13;14;16;20;42;44;53;59
650;6;7;14;18;21;24;28;44;55;60
651;8;11;13;24;33;39;41;45;49;56
652;1;10;14;23;28;35;40;50;51;54
653;6;8;11;18;19;29;31;33;37;53
654;10;16;17;18;29;30;35;44;49;60
655;4;5;7;13;19;29;33;46;56;60
656;2;3;9;22;39;42;52;55;59;60
657;2;18;20;22;25;30;40;46;52;53
658;1;15;16;21;23;27;29;36;51;56
659;7;10;37;38;40;45;50;51;55;56
660;2;9;22;36;38;40;44;45;50;56
661;2;10;12;17;34;38;44;45;49;59
662;14;15;18;24;30;35;37;39;41;46
663;8;13;26;32;34;39;45;48;49;50
664;23;26;27;28;33;40;47;56;57;58
665;3;4;12;16;27;29;41;42;47;55
666;5;18;26;34;35;36;42;47;56;57
667;7;20;22;23;27;28;32;41;45;46
668;6;7;22;26;31;38;43;45;48;55
669;3;6;12;19;20;37;41;45;54;59
670;6;8;11;21;29;38;43;53;58;60
671;6;13;18;31;37;43;49;51;55;60
672;2;5;15;16;29;34;39;49;54;57
673;4;16;21;22;27;29;38;48;50;51
674;1;2;10;28;34;37;39;40;52;60
675;3;10;15;20;25;32;35;48;52;58
676;1;18;19;20;22;48;49;50;52;53
677;10;14;17;23;40;42;47;55;57;60
678;2;17;18;20;23;31;32;42;50;58
679;1;2;9;13;14;26;35;54;55;58
680;10;12;17;18;19;22;27;37;44;55
681;4;9;14;42;44;50;52;53;54;60
682;1;3;5;6;16;24;47;52;53;57
683;14;21;30;31;32;35;36;42;48;54
684;1;7;15;16;18;25;37;40;41;47
685;3;4;16;21;25;39;47;49;53;57
686;1;4;10;13;22;27;34;42;46;58
687;18;19;20;27;32;39;43;46;47;49
688;11;12;15;17;31;36;38;46;54;55
689;3;4;6;12;16;23;30;32;47;59
690;9;12;30;34;39;50;51;53;55;56
691;1;2;5;6;10;14;23;40;54;60
692;1;6;9;13;21;28;31;37;52;56
693;1;9;23;31;35;36;39;46;54;58
694;3;4;10;13;25;31;32;46;49;59
695;1;2;16;32;35;38;43;50;57;60
696;9;11;17;21;22;26;31;35;48;58
697;10;41;43;45;48;56;57;58;59;60
698;1;3;5;7;17;26;46;52;58;59
699;8;12;15;19;25;42;50;52;56;59
700;4;15;18;26;27;30;41;48;55;58
701;2;6;19;21;23;33;44;57;59;60
702;1;4;7;13;15;18;26;40;41;50
703;2;7;8;11;13;18;27;44;51;52
704;3;13;16;27;31;41;52;53;56;59
705;3;5;12;18;27;32;36;45;46;53
706;5;7;8;10;13;27;36;49;52;60
707;3;9;21;22;24;28;42;47;51;54
708;7;16;22;29;35;37;38;48;53;54
709;12;13;14;16;21;22;25;26;40;46
710;1;18;23;25;28;32;39;51;52;54
711;8;11;14;15;17;19;24;36;40;54
712;8;10;18;20;24;25;31;35;41;56
713;9;11;17;27;29;33;36;41;53;54
714;3;5;6;13;15;29;34;40;47;56
715;8;10;11;26;36;40;49;50;53;59
716;2;4;7;8;14;18;19;26;30;32
717;13;16;19;28;35;37;42;43;53;55
718;1;6;18;21;23;31;37;50;52;56
719;2;5;24;30;33;35;45;55;59;60
720;4;15;21;23;24;33;40;44;54;55
721;15;17;20;30;31;37;38;44;52;60
722;3;4;17;25;31;32;45;51;54;59
723;8;13;14;16;27;40;48;56;57;59
724;1;2;15;23;26;37;46;49;51;56
725;19;21;22;24;26;29;36;52;53;56
726;1;3;11;18;21;27;32;38;39;46
727;7;8;11;18;19;42;46;56;58;60
728;5;15;16;17;20;26;27;34;49;51
729;8;9;20;24;25;32;35;36;41;46
730;7;9;10;16;17;22;23;26;49;54
731;9;12;22;27;28;30;37;41;53;58
732;1;5;28;33;45;54;55;56;57;58
733;8;11;24;31;32;35;41;50;53;58
734;2;3;15;23;29;35;39;41;51;55
735;2;6;19;23;28;29;45;53;54;60
736;16;21;27;30;34;43;44;54;56;58
737;11;23;27;32;38;47;49;50;52;60
738;13;16;18;20;28;30;32;35;38;54
739;10;27;42;43;44;45;55;58;59;60
740;7;9;12;13;23;25;27;35;53;56
741;9;20;33;36;38;44;48;53;57;58
742;1;5;10;12;13;15;23;25;36;54
743;4;9;12;22;32;34;35;37;38;49
744;10;20;24;26;35;38;43;48;56;58
745;5;11;13;20;23;40;43;44;54;56
746;5;7;16;19;25;26;27;46;50;59
747;3;8;12;22;25;30;32;40;47;53
748;2;7;12;23;35;40;43;56;58;60
749;1;5;13;19;24;25;28;40;42;50
750;7;13;15;16;24;39;42;48;57;60
751;11;14;15;20;23;32;43;44;47;50
752;2;6;12;16;18;26;27;42;43;54
753;5;9;16;24;37;43;46;47;50;55
754;15;17;22;23;27;38;41;42;50;58
755;11;19;20;25;33;36;38;40;42;55
756;3;10;17;19;23;25;29;30;36;40
757;2;3;6;26;33;39;40;42;47;54
758;4;9;17;18;22;23;24;27;45;55
759;12;23;28;34;38;43;51;56;58;60
760;6;18;19;20;21;24;25;28;42;46
761;5;12;23;30;31;38;47;49;59;60
762;8;18;21;27;32;36;37;51;56;57
763;7;16;17;19;20;26;31;48;51;60
764;4;8;24;25;27;34;35;54;56;57
765;6;11;24;32;34;36;41;45;52;57
766;4;8;10;11;25;34;36;44;52;54
767;2;13;21;22;23;42;43;48;52;54
768;13;22;23;27;40;42;43;48;49;51
769;8;15;19;25;26;31;32;51;53;58
770;2;10;11;14;15;42;43;44;50;56
771;6;12;15;17;31;41;45;50;55;57
772;3;5;11;21;27;41;49;52;54;55
773;12;25;29;32;39;44;50;54;57;60
774;2;18;20;22;23;25;27;29;49;50
775;1;3;5;8;22;26;29;51;53;59
776;1;3;14;24;26;42;44;47;48;57
777;3;4;8;9;12;19;27;35;48;57
778;3;8;10;13;20;32;37;55;57;59
779;4;10;28;32;33;37;43;48;52;55
780;1;12;13;15;21;30;49;54;56;57
781;5;12;17;19;23;24;30;32;35;59
782;1;10;15;36;37;38;46;47;52;54
783;11;16;23;38;42;43;45;51;52;58
784;7;10;14;22;31;35;45;49;50;57
785;17;25;33;36;38;41;47;52;54;57
786;4;13;17;24;29;31;36;38;40;46
787;8;12;13;18;31;36;38;53;56;58
788;1;9;16;17;31;46;52;55;59;60
789;12;19;20;23;28;34;38;39;45;48
790;4;7;23;27;28;32;43;44;50;52
791;5;10;14;17;23;36;42;46;47;58
792;9;14;19;21;30;37;47;50;52;53
793;1;2;5;8;9;13;21;26;52;59
794;2;4;6;15;17;38;39;41;55;57
795;1;4;9;16;26;27;33;34;53;56
796;5;7;9;16;17;29;30;32;39;49
797;2;17;21;23;30;32;33;37;39;45
798;4;15;28;35;38;39;51;53;54;57
799;3;11;16;21;24;27;36;38;41;42
800;11;16;23;34;36;37;38;41;55;57
801;3;4;18;20;27;29;35;53;59;60
802;2;4;5;15;21;25;45;50;54;59
803;7;14;25;35;37;41;44;51;52;54
804;1;2;5;8;11;25;37;52;55;56
805;11;13;23;32;41;46;47;49;50;58
806;2;6;8;9;17;19;24;34;38;48
807;5;6;17;18;20;21;28;38;45;51
808;7;10;13;19;34;36;48;49;55;58
809;3;6;13;21;23;36;39;40;51;54
810;12;13;21;29;44;46;53;54;59;60
811;3;7;10;19;23;36;40;47;53;56
812;8;17;20;24;25;26;34;42;43;44
813;5;12;22;23;27;37;42;45;50;55
814;3;4;7;9;17;28;34;37;40;47
815;5;6;9;12;18;23;33;42;53;54
816;3;4;6;14;17;31;34;43;45;55
817;2;6;17;38;40;41;44;45;47;52
818;5;15;20;21;42;44;45;51;52;56
819;3;11;17;29;39;40;44;45;48;51
820;1;2;7;13;24;35;38;39;42;51
821;4;10;12;17;19;27;35;38;51;52
822;10;12;18;21;30;35;37;38;40;56
823;20;25;30;31;35;41;46;51;55;57
824;12;21;24;25;28;31;37;42;50;60
825;1;5;8;19;23;28;40;47;52;55
826;9;19;21;27;29;35;49;50;53;60
827;3;4;35;37;38;39;43;50;54;56
828;3;17;19;22;36;39;40;51;53;59
829;2;3;20;24;26;38;55;56;57;58
830;12;13;16;22;35;38;42;45;51;55
831;3;16;17;18;33;37;40;41;43;57
832;20;21;23;34;35;41;46;47;54;60
833;6;8;14;19;23;26;31;38;51;56
834;11;18;23;27;30;32;43;46;51;54
835;1;8;17;19;23;42;44;56;57;60
836;7;10;12;16;23;30;33;36;39;47
837;1;6;7;17;22;30;34;53;57;59
838;16;21;35;37;39;41;46;49;51;60
839;1;4;5;13;17;18;29;38;44;48
840;2;9;12;15;35;36;38;40;41;51
841;4;5;7;20;22;26;41;53;56;58
842;4;7;10;12;17;20;27;46;47;54
843;14;17;18;19;22;23;34;54;57;58
844;11;20;27;31;36;37;44;50;53;58
845;4;14;23;25;28;39;45;49;54;57
846;2;3;4;12;22;31;33;36;50;55
847;2;4;7;9;11;23;28;38;40;46
848;2;4;13;20;22;35;37;43;56;59
849;6;7;34;38;48;52;53;56;57;59
850;8;11;12;20;25;26;38;42;49;56
851;10;15;22;23;24;25;26;30;47;50
852;4;11;14;25;31;34;38;50;54;57
853;1;20;34;37;43;44;47;48;54;57
854;3;5;6;16;19;31;45;55;56;59
855;9;11;15;17;31;34;39;43;47;55
856;2;4;8;15;16;28;45;47;49;54
857;12;17;21;25;27;38;40;42;49;58
858;3;11;16;27;28;35;41;44;54;56
859;7;19;28;31;33;35;36;37;43;46
860;3;10;12;20;23;30;34;39;51;56
861;1;6;9;10;29;32;37;39;51;52
862;7;13;14;17;18;20;28;32;41;55
863;3;16;17;28;35;44;45;46;51;55
864;4;7;14;16;24;28;43;49;54;58
865;3;8;24;25;30;32;38;40;54;55
866;2;4;8;9;27;34;35;47;55;56
867;3;6;11;15;22;31;34;52;55;57
868;6;14;16;17;18;19;28;31;32;51
869;1;11;13;19;25;36;37;40;45;48
870;3;5;6;9;10;15;30;37;42;43
871;8;9;10;11;16;21;30;31;34;47
872;5;6;11;21;23;42;44;53;55;57
873;1;4;12;13;35;42;44;46;54;57
874;30;32;33;39;40;50;51;53;54;56
875;1;7;8;13;16;17;25;49;53;60
876;6;11;15;17;18;21;24;32;39;56
877;4;14;21;23;26;28;35;39;44;48
878;2;5;14;17;20;24;33;46;51;57
879;1;3;5;12;13;15;43;46;49;50
880;3;6;12;20;29;31;32;33;52;55
881;8;12;24;26;28;31;37;41;52;58
882;3;5;9;18;22;28;31;41;47;48
883;7;13;21;27;30;32;38;42;48;49
884;1;3;15;20;36;37;39;45;51;59
885;10;15;21;28;38;40;47;50;51;54
886;1;5;9;13;20;23;30;31;46;54
887;8;20;23;31;34;36;38;44;45;46
888;18;22;24;28;32;35;41;45;53;56
889;1;3;9;11;29;32;43;46;54;60
890;2;5;13;14;15;25;30;32;49;57
891;7;20;21;28;31;34;40;45;49;57
892;20;26;27;31;36;37;39;43;59;60
893;3;8;14;15;20;24;29;33;48;50
894;13;16;20;21;23;30;37;41;49;54
895;7;8;14;23;29;34;35;36;42;54
896;2;7;9;15;21;30;38;50;53;60
897;5;9;28;31;37;38;41;44;56;60
898;1;2;7;8;15;16;17;39;55;58
899;8;15;21;30;43;44;47;49;51;52
900;11;12;26;29;30;33;42;50;57;59
901;6;17;19;25;28;29;31;41;49;60
902;7;8;10;15;20;35;36;43;52;55
903;1;6;13;15;16;29;30;39;48;60
904;4;5;12;21;30;37;40;41;46;58
905;6;12;19;20;31;34;46;51;53;58
906;10;13;23;26;27;36;39;44;51;59
907;1;5;7;15;34;40;43;47;53;55
908;1;2;14;15;19;29;41;43;48;56
909;5;14;20;23;43;46;49;55;57;60
910;6;17;30;31;32;35;38;50;52;59
911;5;14;20;30;37;41;50;51;53;59
912;8;16;19;26;28;30;33;39;42;43
913;4;7;11;13;20;22;32;44;51;54
914;3;6;15;23;25;27;31;44;59;60
915;12;13;18;28;38;47;51;53;58;59
916;3;16;23;27;37;39;44;48;54;56
917;12;14;17;28;39;41;53;54;59;60
918;3;8;13;14;18;25;44;51;52;55
919;3;5;7;12;20;28;29;34;37;40
920;9;10;15;19;21;32;37;44;50;51
921;1;14;15;20;23;41;47;48;55;57
922;9;11;26;30;38;41;48;49;55;59
923;12;18;20;21;22;25;43;52;55;60
924;3;11;12;24;35;40;41;54;56;57
925;2;5;15;18;23;34;38;39;45;47
926;3;8;13;20;25;27;32;57;59;60
927;5;10;18;19;20;23;24;26;38;45
928;2;9;15;17;25;42;43;46;48;59
929;1;3;17;26;27;29;35;42;49;52
930;2;3;7;8;15;18;40;41;45;46
931;2;5;13;24;25;35;38;50;53;56
932;12;17;18;20;26;38;51;55;56;59
933;21;24;26;31;32;34;35;43;53;58
934;6;11;14;16;19;26;39;53;57;58
935;2;4;8;10;17;18;22;32;34;52
936;2;15;19;23;33;34;38;41;49;58
937;10;15;18;20;24;27;33;52;55;60
938;10;11;22;32;34;36;37;44;51;53
939;16;17;19;31;35;37;41;46;48;52
940;18;23;38;39;47;48;54;55;58;59
941;4;13;17;21;23;33;42;43;44;47
942;9;14;20;29;35;37;41;46;49;55
943;6;19;29;33;38;42;53;54;58;60
944;3;18;25;36;37;44;46;51;56;60
945;12;13;14;22;34;41;47;52;54;57
946;1;8;22;28;29;34;35;36;42;51
947;3;13;14;21;33;35;41;44;45;55
948;2;3;17;18;20;22;30;36;37;58
949;8;20;21;24;27;36;50;51;54;57
950;2;3;4;24;29;33;40;48;52;58
951;8;12;15;22;23;26;27;31;41;57
952;8;14;15;16;19;24;32;33;41;56
953;3;5;8;29;42;45;47;51;54;59
954;2;4;35;37;40;43;50;52;55;56
955;1;2;6;10;11;16;35;47;50;55
956;11;14;23;36;39;42;48;49;53;58
957;5;8;19;21;27;28;36;37;38;42
958;4;8;15;21;23;27;38;43;49;54
959;4;12;20;25;28;29;35;42;46;57
960;1;3;14;19;21;33;35;39;45;53
961;1;4;6;28;32;34;40;50;51;57
962;3;19;33;36;37;42;45;50;52;57
963;4;7;11;24;25;26;28;48;50;53
964;3;8;11;25;27;37;45;46;51;57
965;7;13;29;31;37;40;44;53;59;60
966;7;14;16;21;26;37;41;43;51;56
967;9;25;41;43;47;51;52;54;55;58
968;1;6;7;12;19;23;30;35;41;59
969;2;16;19;37;46;47;51;52;53;54
970;5;7;13;21;27;30;44;46;53;59
971;1;10;13;16;17;21;27;33;38;53
972;1;8;18;21;25;30;33;41;48;59
973;1;14;19;23;31;33;34;42;56;57
974;8;14;17;23;27;31;32;33;49;53
975;6;9;13;15;25;37;38;48;53;55
976;2;5;8;11;31;39;44;47;50;58
977;6;19;25;32;34;41;45;52;55;58
978;3;8;9;31;38;42;43;45;50;54
979;5;9;15;19;22;39;42;50;54;60
980;4;11;17;18;35;39;47;50;51;52
981;3;8;26;29;46;47;49;51;58;60
982;9;13;19;20;23;38;39;41;46;54
983;10;15;26;28;33;34;43;51;52;58
984;7;8;16;18;35;36;38;42;43;54
985;10;24;28;31;36;37;42;45;51;52
986;5;8;16;18;38;41;45;50;53;57
987;2;3;29;42;45;47;48;50;51;56
988;1;2;31;39;42;43;50;52;58;59
989;8;9;10;13;22;29;33;37;47;49
990;2;4;11;13;24;31;34;39;44;51
991;3;6;9;15;30;32;34;45;46;56
992;16;22;28;32;35;39;48;53;56;58
993;11;16;18;19;22;28;37;40;49;57
994;1;5;14;18;23;43;45;53;58;59
995;9;10;36;37;39;41;45;47;48;54
996;6;10;11;12;16;19;32;38;52;53
997;6;9;10;24;25;29;36;39;46;51
998;3;4;6;22;29;35;47;50;51;56
999;3;4;7;18;27;35;42;43;44;47
1000;2;9;15;30;31;39;42;43;49;60
1001;2;10;13;19;35;40;52;54;59;60
1002;3;7;9;16;18;26;29;33;57;59
1003;4;7;13;14;17;20;25;33;42;52
1004;4;9;11;19;22;27;29;47;50;57
1005;4;7;13;26;27;28;29;39;44;46
1006;17;23;27;28;36;39;42;51;52;59
1007;1;2;4;8;18;24;39;42;49;60
1008;1;6;8;11;22;26;27;28;34;56
1009;1;4;20;24;25;30;50;51;52;60
1010;5;16;18;22;30;32;33;34;57;59
1011;4;8;10;12;24;28;33;35;46;56
1012;11;13;14;18;25;32;36;46;50;55
1013;1;3;5;11;16;33;36;44;49;58
1014;4;5;20;32;35;53;54;56;58;60
1015;3;8;16;19;21;23;30;40;43;52
1016;8;10;12;14;24;29;30;31;35;45
1017;2;6;10;21;30;33;37;38;54;60
1018;2;3;5;9;10;19;49;56;57;60
1019;7;9;15;17;23;25;31;32;46;55
1020;9;20;23;25;29;35;37;48;49;59
1021;2;11;16;17;18;28;30;37;45;49
1022;3;14;15;20;21;22;24;32;40;46
1023;3;7;10;12;14;22;25;30;42;59
1024;13;15;17;18;42;44;45;53;56;59
1025;2;3;5;28;33;37;47;49;51;60
1026;5;21;22;24;29;36;39;49;57;59
1027;5;13;14;16;26;33;36;50;56;59
1028;5;11;20;22;33;39;43;57;58;60
1029;17;21;22;24;28;34;37;39;40;48
1030;7;15;17;21;26;35;38;42;57;59
1031;2;3;31;32;37;38;41;42;53;56
1032;9;21;34;36;37;44;48;50;52;55
1033;11;13;17;19;26;29;35;41;55;57
1034;8;11;18;21;22;28;34;41;43;45
1035;2;10;11;15;16;33;47;49;53;54
1036;4;5;9;15;17;20;29;41;49;57
1037;2;8;24;27;31;42;46;49;52;53
1038;2;3;5;12;17;20;24;25;52;55
1039;12;15;25;26;27;28;32;46;47;54
1040;1;13;18;21;29;32;36;50;57;58
1041;7;9;20;22;23;25;38;45;53;60
1042;1;14;23;24;29;32;34;40;41;46
1043;1;2;7;25;32;38;43;45;52;53
1044;2;19;22;24;49;51;52;53;55;56
1045;1;11;22;33;37;46;48;50;52;59
1046;3;16;26;31;34;37;38;46;47;52
1047;14;23;25;32;33;36;39;41;54;56
1048;1;4;5;22;28;42;43;48;52;59
1049;1;12;19;37;42;44;45;50;58;59
1050;9;13;22;24;28;39;42;51;55;56
1051;2;3;13;15;26;29;34;42;52;57
1052;19;22;28;31;45;46;49;51;57;60
1053;4;11;13;24;26;30;40;41;54;59
1054;3;4;9;11;18;24;25;30;48;52
1055;17;28;30;40;46;48;49;53;56;59
1056;7;8;12;20;22;39;47;52;56;60
1057;1;8;11;15;17;19;21;25;35;50
1058;5;9;11;13;22;30;32;54;59;60
1059;1;10;25;31;42;43;48;50;56;59
1060;5;9;13;14;15;18;31;41;42;59
1061;3;12;19;21;25;35;36;47;58;59
1062;4;8;22;25;28;39;46;48;56;59
1063;4;10;15;22;24;35;44;49;54;60
1064;16;21;24;35;41;43;49;51;54;58
1065;1;8;15;16;19;31;32;33;37;42
1066;5;7;18;19;21;27;30;38;43;59
1067;1;2;4;7;33;34;45;50;54;56
1068;2;4;10;15;18;37;42;50;51;60
1069;1;7;8;13;19;21;35;36;38;45
1070;1;12;20;23;26;32;39;44;52;59
1071;5;25;28;36;37;38;43;51;56;57
1072;9;11;26;29;34;37;43;55;57;59
1073;3;13;20;21;30;32;36;37;51;60
1074;8;12;15;19;22;25;28;49;51;56
1075;2;5;10;12;24;29;36;40;51;56
1076;2;7;12;20;21;23;24;25;36;51
1077;9;12;18;26;29;31;33;34;42;56
1078;1;3;6;9;34;38;43;44;45;51
1079;4;5;20;25;30;41;42;44;45;53
1080;11;15;16;18;19;26;27;45;49;54
1081;5;8;10;11;23;27;35;39;43;59
1082;1;10;13;17;19;28;42;54;58;60
1083;1;2;10;17;22;29;32;34;45;52
1084;2;4;6;13;34;39;48;54;55;56
1085;1;4;11;12;22;25;30;32;43;59
1086;6;21;23;25;28;37;39;45;47;50
1087;9;12;14;19;29;35;41;43;47;59
1088;3;11;13;19;27;32;39;42;53;55
1089;3;6;7;15;20;24;32;48;52;59
1090;11;13;21;25;27;36;42;45;56;60
1091;2;3;7;16;25;32;34;36;49;58
1092;4;9;11;27;33;34;36;44;49;50
1093;3;4;6;30;33;34;36;38;43;45
1094;11;19;23;28;29;32;43;44;56;59
1095;4;5;18;23;26;31;33;46;51;57
1096;7;17;19;20;21;23;31;34;44;48
1097;1;15;20;30;37;40;42;44;53;55
1098;2;5;10;11;22;34;36;49;53;59
1099;7;9;12;42;43;46;47;52;55;56
1100;1;4;17;20;29;33;49;51;58;60
1101;9;11;14;33;36;39;40;51;53;59
1102;15;16;27;33;35;36;49;50;53;56
1103;1;2;6;13;18;22;25;31;39;40
1104;8;12;15;25;26;36;42;46;47;50
1105;11;19;23;34;38;49;50;55;58;59
1106;1;6;9;10;13;19;21;22;30;52
1107;4;17;22;26;27;39;46;51;56;57
1108;3;4;22;26;31;34;39;54;58;60
1109;3;16;24;25;31;34;40;44;48;60
1110;9;24;26;27;29;33;34;46;48;50
1111;12;17;22;29;32;33;34;35;37;45
1112;6;13;22;41;46;48;52;55;58;60
1113;4;10;15;17;27;32;34;36;47;56
1114;4;10;13;15;24;31;36;53;56;58
1115;12;14;18;24;25;30;38;40;45;58
1116;9;11;14;29;30;39;40;44;50;54
1117;11;14;17;23;25;26;31;45;52;53
1118;2;6;10;15;18;28;37;38;49;59
1119;10;11;13;20;23;30;32;34;38;44
1120;2;14;17;21;46;47;50;53;55;58
1121;4;12;18;20;39;41;49;50;52;54
1122;4;6;21;22;30;32;36;50;53;54
1123;7;25;29;37;38;39;40;43;49;52
1124;2;7;15;19;21;38;40;47;48;57
1125;5;13;15;17;33;35;40;41;46;58
1126;4;11;14;16;20;33;47;53;54;58
1127;5;11;21;24;28;34;36;47;54;58
1128;10;13;32;38;40;44;45;50;51;54
1129;13;16;20;23;36;45;50;52;56;58
1130;1;3;6;8;18;22;24;26;35;48
1131;5;17;19;28;33;37;43;50;53;58
1132;11;28;29;30;33;38;43;44;55;58
1133;19;21;26;31;36;37;41;44;53;54
1134;3;4;10;11;24;40;45;47;51;57
1135;3;11;17;22;26;41;48;51;56;60
1136;6;8;15;16;38;39;43;46;58;60
1137;10;16;21;25;33;36;40;50;51;52
1138;6;7;18;30;37;42;48;51;52;53
1139;1;10;23;28;29;31;36;41;53;54
1140;3;4;5;7;16;30;33;49;51;53
1141;1;12;15;16;29;40;47;50;55;60
1142;7;8;10;13;17;25;27;32;48;55
1143;7;9;19;23;24;26;34;37;43;44
1144;1;13;15;17;38;44;50;52;53;58
1145;10;22;27;31;43;44;45;46;50;54
1146;13;18;28;32;34;38;39;43;46;59
1147;1;15;16;19;20;29;30;31;34;57
1148;1;13;21;29;41;49;50;51;58;60
1149;6;11;13;21;25;33;35;40;48;49
1150;10;12;13;15;18;20;29;35;42;45
1151;17;32;36;37;38;44;49;51;56;57
1152;3;6;16;19;32;33;36;40;41;43
1153;7;8;10;12;19;20;23;43;56;57
1154;1;2;9;15;26;33;34;40;45;58
1155;21;23;24;28;34;37;45;48;51;56
1156;4;13;21;28;37;39;44;45;57;59
1157;2;5;8;11;31;39;45;50;52;53
1158;6;11;15;20;23;27;35;48;58;59
1159;3;10;13;14;20;21;25;53;54;59
1160;4;23;29;34;37;38;42;45;49;54
1161;7;11;13;20;21;30;33;38;46;47
1162;20;26;29;30;35;36;37;40;53;60
1163;1;2;3;10;32;34;35;39;41;51
1164;17;27;28;33;34;40;46;51;52;59
1165;1;15;17;22;24;28;30;32;48;58
1166;1;8;15;18;22;23;32;47;55;60
1167;1;21;22;25;31;37;41;52;55;58
1168;1;7;14;26;27;38;43;52;55;57
1169;5;6;7;10;17;22;23;28;36;59
1170;13;15;17;19;30;42;49;51;54;57
1171;2;3;15;20;36;39;41;45;46;50
1172;2;3;14;25;31;34;36;37;49;60
1173;9;19;20;22;23;28;35;40;55;59
1174;1;3;14;15;16;20;28;45;54;56
1175;8;11;19;23;27;47;52;56;58;60
1176;7;16;18;19;27;28;33;34;42;45
1177;15;16;17;25;26;42;45;48;54;60
1178;3;9;28;30;36;40;41;46;51;60
1179;1;5;15;16;17;27;29;50;53;60
1180;15;22;24;25;35;43;47;52;58;60
1181;2;8;16;21;39;46;47;53;56;60
1182;2;17;18;21;25;29;38;45;47;48
1183;3;11;26;33;39;40;42;44;45;51
1184;3;6;11;25;32;36;38;42;51;55
1185;17;18;22;36;40;42;43;51;54;57
1186;8;9;13;16;24;33;39;43;54;60
1187;3;4;8;9;12;13;28;38;47;52
1188;3;6;17;26;33;36;40;43;46;54
1189;3;18;20;22;42;44;45;46;47;53
1190;5;10;13;20;22;23;27;32;33;51
1191;5;18;27;31;35;37;45;49;51;58
1192;5;6;9;14;27;29;36;38;50;57
1193;1;2;15;34;37;38;47;51;54;60
1194;2;10;11;21;33;38;49;53;58;60
1195;5;6;32;35;37;41;45;53;55;58
1196;4;7;13;15;30;35;37;46;49;53
1197;10;18;20;24;26;28;35;37;51;59
1198;5;6;15;19;29;34;48;49;53;60
1199;8;25;26;27;37;45;50;51;52;60
1200;16;19;20;21;25;27;33;37;42;52
1201;5;8;10;13;14;26;27;28;31;49
1202;3;8;10;23;30;37;39;42;57;59
1203;16;20;21;23;28;37;52;54;57;59
1204;8;25;26;29;30;33;43;48;54;58
1205;3;23;28;29;33;35;39;45;47;55
1206;4;22;29;31;35;37;39;46;47;54
1207;2;3;19;23;33;37;38;56;57;60
1208;7;9;25;28;29;35;42;43;46;47
1209;2;7;13;16;22;23;50;51;53;56
1210;7;10;12;13;29;30;34;44;49;57
1211;14;15;19;20;28;30;41;45;46;56
1212;1;7;11;14;31;42;43;54;56;58
1213;2;13;22;41;49;51;52;54;59;60
1214;5;16;28;32;39;42;50;55;56;60
1215;14;25;27;29;35;41;42;47;50;53
1216;10;12;17;18;28;44;47;50;54;59
1217;1;3;6;13;20;22;23;40;49;52
1218;5;11;20;25;26;36;37;47;50;53
1219;2;4;11;20;22;25;26;30;41;57
1220;24;28;29;31;32;42;50;56;57;58
1221;1;14;23;26;33;41;46;49;58;60
1222;5;8;13;18;19;33;42;50;51;54
1223;4;8;26;34;35;45;49;52;57;58
1224;14;17;18;22;23;43;52;53;54;55
1225;1;3;5;23;24;33;34;41;52;55
1226;4;5;6;21;22;26;42;52;54;58
1227;2;5;22;26;34;37;45;50;51;56
1228;7;8;10;13;27;31;37;44;47;60
1229;1;22;26;28;30;32;33;34;57;58
1230;2;16;26;30;31;40;43;47;49;51
1231;22;29;30;35;39;40;42;48;53;54
1232;3;12;13;14;18;24;29;49;56;59
1233;5;8;16;18;19;22;24;28;29;46
1234;5;8;14;32;35;39;40;42;51;54
1235;3;4;18;20;26;27;29;40;43;60
1236;4;15;17;28;30;36;45;49;55;58
1237;3;6;7;13;19;25;26;28;41;43
1238;3;4;10;12;16;28;34;39;47;51
1239;2;8;27;32;37;43;50;53;54;57
1240;15;17;26;36;38;43;44;55;57;58
1241;6;11;24;38;42;45;49;51;56;60
1242;2;10;12;18;19;25;27;44;47;48
1243;1;3;7;15;19;24;38;42;43;53
1244;9;10;14;15;26;31;45;51;53;55
1245;6;7;24;27;28;39;45;46;58;59
1246;5;6;9;11;34;37;44;52;54;60
1247;13;18;25;28;31;34;41;48;49;55
1248;1;8;10;11;25;26;38;54;57;59
1249;10;12;20;27;32;34;48;50;51;56
1250;11;15;16;43;44;45;51;55;56;60
1251;4;6;20;28;31;34;35;51;56;58
1252;5;8;9;13;17;29;34;48;50;60
1253;6;7;14;18;25;29;39;40;51;60
1254;18;20;25;34;36;37;38;46;57;59
1255;6;8;18;31;35;38;40;44;47;58
1256;8;9;12;14;16;19;25;31;46;50
1257;7;8;11;14;23;29;37;42;52;54
1258;9;18;21;22;29;42;44;46;57;58
1259;3;5;10;18;31;32;43;45;47;53
1260;3;7;8;17;22;42;49;53;54;58
1261;2;4;6;19;20;27;28;35;52;54
1262;10;14;23;41;43;45;48;53;55;59
1263;5;8;9;20;30;37;40;44;50;57
1264;2;3;4;13;17;21;23;36;37;57
1265;1;3;6;16;25;26;29;35;54;58
1266;4;8;13;22;24;28;29;44;49;57
1267;4;27;28;41;43;44;48;50;56;59
1268;2;6;8;19;20;32;45;46;48;53
1269;1;2;14;18;30;37;42;50;55;57
1270;9;19;20;22;23;25;27;40;42;59
1271;1;9;15;21;35;44;45;47;51;56
1272;6;14;24;27;40;42;49;50;53;57
1273;5;6;13;23;24;34;39;45;54;57
1274;11;12;18;19;23;24;26;27;28;56
1275;5;14;25;30;37;38;41;48;57;58
1276;7;10;11;19;32;39;41;47;50;59
1277;11;15;22;29;33;38;43;45;48;59
1278;8;11;16;18;25;26;42;43;46;51
1279;3;7;8;12;27;34;36;38;43;58
1280;11;12;13;15;31;34;36;40;51;58
1281;4;14;19;26;29;32;43;45;47;59
1282;3;16;30;31;34;39;43;47;48;52
1283;4;12;20;31;37;38;49;55;58;60
1284;13;14;19;22;25;26;36;38;52;53
1285;19;31;33;40;47;48;50;54;57;60
1286;2;5;23;26;31;36;39;40;48;60
1287;9;14;16;17;41;43;53;54;55;56
1288;10;22;29;30;45;50;52;53;55;57
1289;3;5;10;11;12;36;48;50;58;59
1290;9;15;22;24;29;34;38;43;48;49
1291;4;13;17;33;35;36;38;39;43;45
1292;7;11;14;19;20;29;43;44;47;53
1293;7;8;25;26;28;33;36;41;42;52
1294;2;5;6;7;9;12;18;26;35;52
1295;9;11;12;29;32;36;37;47;52;56
1296;1;5;10;22;25;26;41;51;52;59
1297;1;5;16;18;22;39;42;54;57;59
1298;3;30;34;41;44;47;49;53;55;56
1299;4;9;22;25;35;36;42;52;55;57
1300;1;11;14;17;20;30;44;50;51;52
1301;9;12;21;22;39;41;47;48;52;57
1302;8;9;11;12;29;36;38;39;40;42
1303;2;8;16;17;28;38;43;44;50;58
1304;6;12;21;30;35;39;42;44;53;60
1305;4;6;23;25;29;32;37;53;59;60
1306;1;13;20;30;32;35;43;52;55;60
1307;7;11;30;32;44;52;53;54;56;57
1308;7;8;15;19;30;40;43;47;51;58
1309;4;6;8;15;24;27;28;34;37;54
1310;1;4;16;24;28;29;35;51;53;59
1311;10;19;21;24;25;34;40;47;49;58
1312;2;7;10;15;26;36;42;43;52;53
1313;1;9;13;14;17;21;26;45;53;60
1314;4;9;12;23;27;40;42;52;55;59
1315;3;8;10;14;15;16;27;29;38;60
1316;3;4;7;15;20;34;35;37;39;49
1317;11;15;18;23;26;34;36;40;55;58
1318;1;4;11;13;16;21;23;26;48;60
1319;1;3;5;14;23;31;38;39;55;58
1320;4;6;13;17;28;37;43;46;52;53
1321;11;21;23;27;37;44;47;50;55;60
1322;17;25;27;29;44;45;48;49;50;54
1323;5;9;17;18;28;30;31;37;44;47
1324;12;19;20;27;28;32;41;44;55;58
1325;2;3;12;19;20;43;46;57;58;60
1326;10;19;21;26;33;34;37;46;49;58
1327;6;12;20;34;40;42;48;52;54;59
1328;4;7;17;19;24;26;33;38;40;54
1329;8;20;21;34;40;45;47;48;57;60
1330;1;16;18;21;26;39;43;54;55;59
1331;4;7;8;10;20;26;35;40;46;60
1332;1;2;5;8;17;26;37;39;45;56
1333;13;15;22;25;29;31;37;39;45;49
1334;8;24;30;39;45;46;53;54;57;59
1335;10;17;23;27;33;38;50;56;58;60
1336;2;8;9;19;20;29;30;35;42;59
1337;6;13;17;19;20;30;33;56;58;59
1338;2;9;12;17;27;42;52;53;56;59
1339;1;5;20;23;26;27;37;41;52;55
1340;7;16;18;25;30;34;37;54;56;58
1341;5;7;12;16;18;30;35;38;39;52
1342;14;16;30;32;37;43;45;49;59;60
1343;5;21;25;29;39;40;43;50;55;60
1344;27;29;31;34;43;45;47;48;58;59
1345;4;7;12;21;23;24;35;38;42;53
1346;6;7;10;12;15;31;44;47;48;59
1347;5;6;13;19;21;36;38;49;55;60
1348;5;22;23;25;27;29;35;39;41;44
1349;12;16;23;26;30;39;46;48;58;60
1350;12;19;20;21;25;40;42;51;53;55
1351;2;15;16;22;25;26;29;33;41;44
1352;7;17;32;38;44;49;50;52;58;59
1353;20;23;25;39;40;41;43;47;53;55
1354;7;10;15;20;26;35;41;51;52;56
1355;5;6;19;20;24;37;38;43;57;58
1356;1;2;9;21;28;36;45;52;55;60
1357;3;7;11;21;24;29;31;47;52;56
1358;8;15;21;23;26;28;39;47;53;58
1359;1;4;6;26;27;31;38;43;46;53
1360;10;16;20;30;31;32;40;42;51;58
1361;3;6;17;35;41;43;44;47;48;59
1362;2;9;10;17;21;24;25;44;58;60
1363;5;14;22;25;28;36;37;47;56;57
1364;1;5;7;9;15;18;35;43;53;56
1365;9;12;16;34;39;40;51;52;53;56
1366;3;7;9;21;28;31;44;45;58;60
1367;2;6;8;14;17;45;47;54;56;58
1368;6;24;33;37;42;49;50;57;59;60
1369;5;6;7;9;10;12;25;43;49;56
1370;1;3;4;13;26;29;48;52;56;57
1371;6;9;11;12;20;23;25;32;43;59
1372;2;15;16;29;37;41;48;53;57;58
1373;3;4;6;14;24;26;30;42;53;60
1374;4;7;8;10;14;17;37;51;53;54
1375;2;4;10;14;19;20;36;46;50;52
1376;3;4;11;14;21;28;29;32;47;54
1377;2;7;20;21;27;36;37;42;53;58
1378;7;9;20;21;31;33;41;52;56;59
1379;11;26;31;38;44;45;52;54;57;60
1380;11;17;18;21;24;25;47;51;55;60
1381;3;14;21;22;27;30;50;52;53;58
1382;6;9;21;25;34;35;45;48;51;59
1383;8;14;16;17;28;34;36;38;53;60
1384;5;11;19;21;23;37;42;48;55;60
1385;2;25;32;36;39;43;47;50;52;60
1386;1;7;13;15;19;23;26;42;46;59
1387;1;9;16;41;45;47;49;52;57;58
1388;13;14;15;16;33;34;41;43;46;59
1389;7;14;19;23;24;27;32;35;41;52
1390;1;3;16;22;26;29;43;45;53;57
1391;3;10;15;18;28;32;40;41;52;54
1392;1;19;20;22;24;30;35;42;58;59
1393;3;4;7;23;32;35;38;40;47;58
1394;6;7;11;14;17;26;28;30;49;55
1395;7;16;17;18;23;41;42;43;45;55
1396;8;9;16;20;22;26;37;41;44;49
1397;5;8;10;20;25;33;35;39;52;56
1398;1;3;5;11;22;24;25;30;56;57
1399;9;11;16;30;34;36;39;45;46;57
1400;4;6;10;13;14;21;50;53;55;56
1401;9;10;25;29;41;45;50;53;59;60
1402;7;9;12;19;20;31;32;33;38;60
1403;1;13;25;32;37;38;40;48;57;60
1404;7;19;22;26;27;32;40;47;48;60
1405;9;14;24;25;27;32;33;36;38;55
1406;4;7;10;20;28;29;32;33;47;55
1407;5;21;22;26;27;29;32;38;50;60
1408;6;10;15;21;31;34;36;38;55;56
1409;1;4;7;11;21;34;45;48;54;56
1410;6;13;17;18;32;39;41;42;52;60
1411;2;6;10;12;27;30;32;33;40;59
1412;2;4;14;22;24;25;34;48;53;54
1413;2;7;12;14;15;24;26;27;30;45
1414;11;16;23;32;34;35;44;46;48;58
1415;7;8;19;28;36;37;53;56;57;58
1416;1;14;15;21;35;36;44;46;51;54
1417;3;14;20;28;29;38;47;49;57;60
1418;14;15;18;28;30;39;42;48;49;51
1419;12;22;23;25;30;34;37;42;55;59
1420;1;8;14;18;20;36;39;41;53;56
1421;5;21;26;27;39;43;50;52;55;56
1422;7;10;17;19;23;25;35;48;52;60
1423;8;21;23;25;27;29;30;45;48;55
1424;8;13;14;18;37;41;47;52;58;59
1425;3;7;10;11;24;26;30;49;51;59
1426;21;22;30;34;35;43;45;46;51;57
1427;4;9;10;28;31;32;43;45;49;56
1428;1;3;16;19;22;27;31;33;54;55
1429;13;22;23;35;36;40;44;47;48;58
1430;3;8;18;19;28;34;39;43;48;54
1431;10;11;12;20;37;39;45;54;56;58
1432;6;9;11;16;20;25;35;38;58;59
1433;4;9;15;18;25;27;28;40;48;50
1434;15;16;25;34;35;42;43;49;52;54
1435;13;15;17;22;27;28;37;44;46;53
1436;3;4;10;14;33;34;46;47;50;59
1437;7;8;10;24;27;34;37;47;52;58
1438;9;17;21;29;39;41;44;48;51;54
1439;4;8;12;18;27;29;48;49;56;60
1440;2;3;6;15;20;35;44;49;50;51
1441;8;10;11;15;18;25;27;51;53;60
1442;11;13;19;25;36;52;53;54;55;60
1443;1;7;11;23;28;30;31;41;45;60
1444;8;21;26;27;33;38;39;49;50;55
1445;2;6;12;16;21;29;31;37;40;45
1446;3;15;21;23;25;27;28;35;43;60
1447;2;12;15;27;37;38;41;42;57;59
1448;2;11;15;16;20;23;31;36;38;45
1449;14;29;37;39;43;45;46;49;56;59
1450;9;10;14;20;32;41;42;50;56;57
1451;4;11;20;24;31;34;37;41;54;55
1452;5;13;14;16;27;31;34;38;48;55
1453;9;18;19;21;27;40;47;49;50;58
1454;5;8;21;22;38;39;46;49;53;58
1455;9;17;20;22;27;31;33;37;42;45
1456;9;10;19;22;25;32;39;44;46;57
1457;1;19;20;24;26;30;40;43;48;51
1458;1;16;30;39;40;41;44;46;51;58
1459;9;21;25;26;30;36;39;40;45;47
1460;1;4;5;31;36;39;41;44;53;57
1461;3;8;9;23;24;42;48;49;51;59
1462;2;10;12;13;34;35;47;49;52;57
1463;1;2;5;18;24;31;34;42;54;58
1464;1;6;7;12;16;18;38;50;53;56
1465;2;3;13;16;30;35;45;51;56;58
1466;2;8;18;22;28;29;35;41;48;53
1467;9;16;21;31;33;35;41;47;52;60
1468;8;11;12;14;15;34;40;42;48;59
1469;1;9;12;13;21;28;49;55;58;59
1470;4;12;16;18;21;22;39;43;47;54
1471;6;7;10;16;19;26;40;41;45;47
1472;6;8;12;21;25;39;40;51;52;60
1473;1;16;21;28;29;32;44;47;55;58
1474;2;23;27;28;29;30;33;39;45;54
1475;1;4;9;16;23;30;31;35;43;51
1476;3;7;10;20;24;39;44;46;58;60
1477;3;12;17;28;29;32;38;51;56;57
1478;2;7;12;14;23;27;40;47;53;54
1479;9;10;11;20;21;26;33;38;49;56
1480;1;2;13;14;17;18;22;23;25;34
1481;11;13;17;22;32;40;45;55;57;59
1482;3;9;26;27;34;37;39;43;54;60
1483;2;8;14;24;28;30;49;51;54;59
1484;1;5;6;9;16;24;27;31;43;51
1485;1;2;4;6;22;23;29;47;56;60
1486;22;24;25;31;36;39;44;48;53;59
1487;2;3;13;17;19;26;36;44;46;55
1488;7;9;16;22;37;39;43;44;46;57
1489;3;13;23;36;39;40;46;52;53;55
1490;2;19;22;24;26;33;45;46;48;51
1491;3;12;13;14;20;25;30;33;43;60
1492;3;5;13;18;19;23;27;32;36;42
1493;5;10;14;20;21;23;26;35;53;59
1494;7;10;16;26;27;40;44;50;58;59
1495;3;13;14;20;25;31;37;44;47;58
1496;4;7;8;13;15;38;39;41;50;59
1497;3;15;19;20;26;28;41;48;50;51
1498;1;16;23;30;33;36;38;51;52;59
1499;2;9;21;22;32;36;40;46;49;60
1500;1;5;14;17;20;22;23;28;42;60
1501;21;31;33;36;40;45;47;53;56;59
1502;6;11;13;14;19;20;25;47;54;55
1503;1;6;13;16;23;35;36;37;44;45
1504;9;10;12;16;19;26;27;33;41;42
1505;6;17;20;27;30;41;45;46;57;59
1506;2;3;10;14;22;27;31;38;43;49
1507;2;14;22;25;27;34;37;41;47;54
1508;3;6;11;12;17;18;29;32;40;52
1509;5;10;12;14;21;30;33;36;46;50
1510;1;3;12;22;24;30;46;52;56;58
1511;10;11;23;33;39;42;43;47;51;57
1512;8;14;26;29;31;41;42;43;45;51
1513;1;6;8;11;14;25;31;53;59;60
1514;3;12;19;20;21;22;36;37;40;48
1515;3;5;15;24;34;36;41;47;58;60
1516;9;10;11;13;14;16;31;38;45;54
1517;4;18;19;22;23;28;32;38;51;57
1518;11;13;15;35;37;40;41;50;54;60
1519;3;4;12;14;28;33;42;53;59;60
1520;1;3;7;11;14;15;17;25;28;34
1521;9;11;17;26;29;30;37;45;49;55
1522;2;3;7;13;15;18;23;38;40;51
1523;3;12;25;28;30;36;38;50;56;59
1524;10;11;14;17;19;21;24;30;42;43
1525;8;12;19;29;30;44;45;52;54;58
1526;1;8;10;15;23;25;33;38;39;48
1527;2;6;9;18;20;35;40;46;47;53
1528;4;5;13;22;24;33;43;45;57;59
1529;1;2;5;13;14;29;30;33;40;41
1530;3;14;18;22;24;38;46;52;54;56
1531;6;8;17;18;19;24;40;46;48;56
1532;1;6;14;26;29;35;40;42;43;47
1533;6;19;29;35;40;41;44;48;51;57
1534;7;10;13;18;28;50;51;55;56;59
1535;5;12;16;24;38;39;49;51;54;60
1536;6;11;23;24;26;29;35;49;53;54
1537;5;6;9;19;33;35;43;51;56;58
1538;8;16;21;22;23;36;51;55;58;60
1539;2;7;18;21;26;27;41;51;56;59
1540;4;7;20;22;24;25;29;40;48;54
1541;4;8;11;15;24;29;30;43;50;53
1542;6;7;18;25;32;41;42;53;56;58
1543;7;10;11;24;31;45;47;52;55;57
1544;7;17;28;31;36;37;42;46;53;55
1545;7;16;17;21;29;40;48;49;50;55
1546;12;14;15;21;37;40;47;51;53;56
1547;10;21;26;40;45;46;48;50;59;60
1548;2;6;18;21;32;35;37;43;47;52
1549;18;29;30;33;40;44;51;52;57;60
1550;1;9;11;22;29;36;40;45;52;60
1551;1;4;5;13;15;18;28;37;57;59
1552;1;4;16;29;31;34;37;56;58;59
1553;1;6;22;29;33;36;49;51;55;58
1554;1;2;9;16;20;21;24;35;53;57
1555;9;13;16;19;21;36;45;53;54;56
1556;7;8;9;13;17;33;37;44;46;50
1557;3;15;26;37;43;44;45;46;51;56
1558;10;12;17;18;20;25;30;38;56;58
1559;5;10;13;39;43;52;56;57;58;59
1560;5;15;19;22;27;33;37;42;51;57
1561;4;7;11;18;20;31;32;48;49;59
1562;1;3;4;5;6;8;15;40;41;57
1563;5;9;13;20;30;33;37;51;52;55
1564;9;12;17;27;43;44;50;56;58;59
1565;4;12;23;32;33;34;47;49;52;59
1566;9;13;14;19;21;26;55;56;59;60
1567;3;6;11;24;33;38;39;50;51;56
1568;2;7;15;26;31;35;47;48;53;54
1569;2;10;16;26;30;32;40;41;45;55
1570;7;17;23;26;43;46;50;55;56;57
1571;4;6;9;17;18;27;36;43;54;60
1572;8;10;15;22;23;33;42;49;52;55
1573;2;11;31;37;41;45;46;55;56;57
1574;6;9;11;24;25;27;28;32;40;50
1575;2;13;18;19;27;29;33;41;48;55
1576;3;4;12;20;26;40;44;48;49;51
1577;4;5;16;27;28;31;36;39;40;60
1578;3;4;9;12;16;19;26;42;51;56
1579;17;24;27;29;31;35;45;47;51;55
1580;3;8;12;23;24;26;31;33;41;52
1581;6;10;17;26;34;36;38;40;51;55
1582;16;17;19;20;24;29;39;40;42;45
1583;8;11;12;18;21;22;24;27;29;42
1584;2;16;20;26;32;40;44;48;50;55
1585;7;18;22;32;34;36;37;44;48;55
1586;4;5;8;10;13;20;21;39;45;58
1587;8;14;18;27;43;45;46;50;51;53
1588;5;6;20;22;25;26;27;35;46;50
1589;6;25;33;38;44;47;49;51;53;59
1590;3;7;10;29;41;44;54;55;57;59
1591;9;14;18;22;27;28;30;34;44;45
1592;4;20;24;32;43;44;51;56;57;59
1593;4;9;12;16;26;34;38;42;58;60
1594;9;10;16;21;27;29;30;32;49;54
1595;13;16;17;22;28;30;33;34;51;60
1596;9;11;14;29;31;38;46;51;56;58
1597;7;8;16;21;29;33;43;45;53;59
1598;3;5;8;11;13;16;23;38;45;54
1599;6;9;18;25;35;37;38;49;51;57
1600;2;8;10;16;23;30;32;36;46;60
1601;4;5;10;12;13;14;18;41;43;48
1602;10;11;17;18;23;24;27;29;32;44
1603;1;3;6;10;12;40;42;47;49;60
1604;2;16;18;21;33;43;44;49;50;56
1605;6;9;16;22;27;31;35;43;44;48
1606;9;14;16;17;21;24;26;27;51;56
1607;6;7;8;11;21;25;28;40;43;47
1608;13;18;31;38;42;48;50;51;53;56
1609;6;12;21;27;28;29;30;31;40;45
1610;4;13;15;20;25;33;38;50;51;58
1611;3;7;11;20;21;24;28;29;35;56
1612;22;27;28;29;33;39;41;47;51;54
1613;5;6;8;16;31;36;49;51;55;56
1614;13;14;17;20;23;33;48;55;56;58
1615;2;4;7;11;13;30;34;39;51;53
1616;10;11;15;22;23;24;43;50;51;58
1617;3;4;9;17;18;34;35;44;48;54
1618;4;7;10;11;13;29;33;42;57;59
1619;23;27;28;29;44;47;48;55;56;59
1620;1;6;8;28;31;32;35;41;45;59
1621;4;6;7;16;26;28;29;31;48;50
1622;9;14;25;27;33;36;51;52;53;60
1623;7;9;10;16;20;25;35;44;53;57
1624;3;4;9;16;31;34;38;44;51;54
1625;6;8;11;30;34;38;40;45;47;56
1626;6;12;20;24;25;30;34;35;47;59
1627;2;10;14;31;34;36;47;50;54;60
1628;6;9;16;30;31;33;35;47;53;57
1629;1;6;15;19;28;29;33;40;44;51
1630;12;13;14;23;25;36;40;45;50;58
1631;12;21;28;31;37;43;44;46;57;60
1632;3;9;10;24;39;45;48;54;56;60
1633;3;11;25;30;38;48;49;52;53;59
1634;15;19;27;32;40;44;47;48;50;56
1635;5;10;17;23;28;38;43;47;48;49
1636;5;7;9;33;38;39;43;51;54;58
1637;2;3;7;8;14;19;35;36;37;46
1638;1;2;4;5;12;26;28;33;53;59
1639;4;10;30;35;44;45;46;54;57;60
1640;2;5;10;12;18;26;29;35;41;54
1641;5;9;13;17;20;29;39;46;49;58
1642;6;7;14;19;24;33;39;47;51;60
1643;3;11;23;31;38;42;46;53;54;60
1644;1;28;31;33;38;46;51;54;55;58
1645;9;13;18;19;30;34;50;51;55;56
1646;8;11;18;25;26;39;44;48;51;55
1647;1;4;28;31;36;38;39;48;49;55
1648;18;19;26;29;35;39;40;47;49;53
1649;11;12;35;36;37;48;49;50;51;56
1650;4;9;21;31;36;40;45;55;58;59
1651;10;13;23;24;34;39;41;43;54;57
1652;7;12;21;22;26;36;40;44;48;50
1653;1;2;10;14;17;22;23;34;53;59
1654;3;9;12;16;35;36;39;47;49;55
1655;4;10;20;22;23;27;34;44;46;50
1656;12;14;15;21;31;34;48;49;53;56
1657;9;12;14;15;21;25;35;36;46;55
1658;4;7;11;19;20;31;34;50;53;54
1659;4;11;17;18;21;33;36;40;44;51
1660;3;19;24;25;27;28;31;33;42;56
1661;11;15;18;39;47;49;53;57;59;60
1662;1;5;13;16;20;26;42;51;54;59
1663;14;16;17;24;25;36;43;45;49;52
1664;4;15;20;23;24;28;49;55;57;60
1665;1;25;35;39;42;44;47;48;57;58
1666;1;2;20;22;23;24;27;36;59;60
1667;1;3;7;8;9;28;30;39;41;42
1668;2;13;14;17;20;21;25;29;48;57
1669;1;10;12;22;26;30;33;44;52;56
1670;4;17;22;23;27;36;52;55;56;59
1671;5;16;17;18;36;38;40;48;49;58
1672;2;3;12;17;35;36;46;52;55;57
1673;11;16;17;21;29;36;46;52;53;59
1674;4;8;13;15;20;32;47;52;55;59
1675;2;4;12;14;20;36;41;52;53;56
1676;14;17;19;24;36;42;45;50;54;60
1677;9;10;13;23;26;34;36;46;52;56
1678;1;15;16;24;27;33;46;49;50;54
1679;7;13;19;20;21;25;30;32;37;51
1680;4;5;12;17;29;32;45;46;47;49
1681;1;12;17;23;24;29;39;43;48;52
1682;5;10;21;22;36;44;49;50;55;58
1683;4;6;13;14;39;41;52;53;58;60
1684;5;7;17;34;36;47;49;53;57;60
1685;3;6;13;16;19;22;36;43;49;54
1686;12;17;23;25;26;30;38;40;55;56
1687;1;2;8;14;23;28;34;41;51;60
1688;2;9;17;24;36;43;52;55;59;60
1689;2;8;12;16;18;20;36;42;50;55
1690;4;5;8;10;17;25;29;40;46;54
1691;1;14;16;36;38;45;49;52;53;57
1692;1;2;3;4;13;14;27;38;42;58
1693;1;3;9;26;32;38;50;51;52;55
1694;3;16;19;22;23;35;36;41;44;54
1695;6;12;13;14;37;40;42;43;50;51
1696;4;5;6;12;14;16;26;48;55;57
1697;1;2;3;17;29;35;36;40;57;59
1698;4;7;32;34;37;41;49;53;54;58
1699;4;7;8;11;30;38;40;46;58;59
1700;3;4;6;12;25;30;39;54;58;60
1701;5;19;26;37;39;40;41;42;43;44
1702;1;5;13;14;17;21;26;38;42;49
1703;15;17;23;27;35;38;49;50;52;59
1704;7;12;15;23;28;42;53;56;59;60
1705;5;12;14;24;30;33;37;48;53;54
1706;7;8;14;18;28;33;34;35;43;46
1707;2;5;21;22;27;28;37;42;46;49
1708;1;4;12;14;15;17;21;23;36;46
1709;4;10;11;18;28;30;36;39;40;42
1710;8;17;18;24;35;38;40;42;46;51
1711;8;18;19;29;31;33;38;39;41;60
1712;10;11;12;19;23;34;35;41;47;52
1713;4;5;11;20;25;27;43;44;52;53
1714;4;5;7;24;25;28;35;39;40;41
1715;1;10;11;22;26;35;41;47;48;55
1716;2;12;23;25;32;38;39;43;50;59
1717;3;13;24;28;36;38;41;45;55;58
1718;2;22;30;35;45;51;53;56;57;59
1719;9;16;23;27;28;46;48;51;58;60
1720;14;20;21;22;23;31;39;43;49;52
1721;3;18;22;23;36;45;46;49;53;60
1722;5;14;17;19;22;24;30;38;40;56
1723;6;11;12;19;29;44;45;47;50;53
1724;5;9;11;21;30;31;33;42;48;51
1725;6;9;23;28;36;40;47;49;53;57
1726;2;3;10;14;29;36;49;51;53;59
1727;2;9;14;17;28;29;32;34;42;53
1728;5;21;22;30;31;35;37;43;44;46
1729;3;7;8;18;27;32;44;47;50;52
1730;1;4;9;19;22;23;27;41;51;53
1731;7;13;15;23;26;37;38;45;48;60
1732;3;10;16;21;22;25;27;38;43;50
1733;9;10;19;27;29;35;36;39;45;48
1734;15;17;22;26;30;36;39;45;50;51
1735;7;10;11;20;23;36;43;46;47;60
1736;3;16;20;22;34;36;45;55;57;59
1737;10;17;25;30;33;44;47;48;53;55
1738;27;33;36;37;41;49;53;54;55;56
1739;2;7;9;13;16;33;34;44;49;55
1740;11;19;31;36;41;42;43;53;56;60
1741;4;12;18;27;28;29;44;48;50;56
1742;1;8;15;19;23;26;30;31;37;47
1743;2;9;16;22;25;31;38;49;53;54
1744;2;4;16;32;35;36;37;47;51;53
1745;10;12;21;23;25;33;42;51;57;60
1746;5;8;16;22;29;30;32;46;54;58
1747;17;20;23;27;29;31;36;37;40;56
1748;3;8;13;20;24;28;31;34;38;47
1749;2;4;10;13;15;24;28;34;50;56
1750;6;10;16;22;24;30;35;36;53;54
1751;1;12;17;18;19;35;42;46;52;56
1752;3;6;14;30;36;46;48;55;59;60
1753;9;21;25;27;37;40;44;46;48;56
1754;10;19;22;25;43;45;47;50;54;58
1755;5;7;14;16;27;33;35;50;55;59
1756;11;12;25;26;34;43;44;50;54;56
1757;11;18;23;24;31;34;38;42;56;58
1758;5;14;15;18;19;21;27;29;56;57
1759;1;15;16;26;28;29;39;44;52;59
1760;5;12;15;19;31;34;41;46;53;54
1761;2;7;12;14;15;17;20;41;48;51
1762;2;5;9;22;32;35;45;47;52;58
1763;12;14;17;18;29;34;48;53;57;60
1764;4;5;8;9;12;15;20;30;46;48
1765;3;6;13;20;23;30;35;48;49;54
1766;21;23;24;33;36;38;39;44;52;55
1767;5;8;9;15;33;44;45;47;49;52
1768;1;15;18;32;34;37;41;49;50;52
1769;2;4;8;11;12;17;38;44;45;53
1770;6;10;17;18;21;36;39;46;55;56
1771;2;6;13;17;21;23;26;38;46;57
1772;5;8;21;24;29;36;38;43;47;50
1773;6;15;17;22;30;31;42;44;48;53
1774;18;24;25;34;40;44;48;49;52;56
1775;3;5;8;9;12;14;29;52;57;58
1776;6;10;13;14;30;38;43;44;52;53
1777;13;18;21;23;34;42;46;52;57;58
1778;1;3;4;7;8;38;39;41;42;59
1779;5;7;8;19;22;23;28;41;43;54
1780;3;6;16;19;21;24;27;37;44;48
1781;2;5;17;22;28;36;38;48;49;58
1782;9;17;20;27;31;41;43;47;54;56
1783;2;18;20;22;29;30;36;39;43;60
1784;1;3;5;10;12;27;48;57;58;60
1785;4;13;18;27;33;36;37;41;46;60
1786;6;12;18;28;34;37;38;46;50;55
1787;1;5;9;15;29;32;34;42;54;56
1788;3;22;24;25;28;39;54;58;59;60
1789;3;12;14;20;32;41;42;49;55;56
1790;2;3;12;19;21;22;25;29;36;60
1791;6;11;14;18;27;34;38;50;51;58
1792;5;7;8;12;19;40;42;49;52;54
1793;3;7;29;31;35;44;48;54;56;60
1794;18;21;27;30;32;34;40;43;52;60
1795;3;4;9;15;24;29;32;35;38;50
1796;8;16;23;26;40;47;50;53;54;60
1797;7;11;12;13;17;27;29;39;40;53
1798;7;11;27;29;43;49;52;53;58;60
1799;3;6;13;28;29;42;45;48;50;54
1800;1;5;6;13;19;23;35;38;44;48
1801;6;16;21;33;36;40;48;53;54;60
1802;9;19;26;31;35;38;52;54;55;56
1803;5;7;8;15;24;31;35;51;53;57
1804;9;17;18;23;26;28;32;36;43;48
1805;8;9;23;30;35;40;47;50;53;60
1806;3;5;20;26;27;34;40;41;47;56
1807;17;23;27;37;42;44;46;49;50;52
1808;2;20;26;34;35;41;47;49;56;60
1809;13;15;18;20;24;26;29;37;48;58
1810;5;6;14;16;18;24;32;38;49;53
1811;13;15;21;23;26;44;47;51;53;58
1812;1;5;8;28;36;37;39;45;50;58
1813;10;21;25;32;34;37;39;46;51;57
1814;4;5;9;15;18;21;26;29;35;56
1815;3;4;8;21;24;32;36;38;39;40
1816;7;10;14;18;22;25;26;35;42;54
1817;2;13;15;20;33;37;44;52;54;57
1818;3;9;12;22;24;25;26;36;52;57
1819;10;15;23;29;33;35;40;44;57;58
1820;1;6;9;10;18;19;25;36;47;53
1821;1;3;12;13;21;31;35;42;53;59
1822;10;13;14;24;28;32;33;37;40;47
1823;2;11;14;17;20;22;27;28;30;36
1824;3;11;12;19;24;31;33;35;41;44
1825;2;7;10;17;30;31;35;36;42;51
1826;3;10;15;21;31;35;39;49;51;53
1827;6;10;13;30;36;39;45;49;54;56
1828;13;23;28;32;35;40;45;46;48;53
1829;6;12;13;28;32;42;45;51;53;58
1830;3;6;10;18;29;35;48;52;56;60
1831;1;4;7;12;27;29;38;53;55;56
1832;1;18;19;32;39;47;49;53;59;60
1833;15;16;25;33;35;40;43;51;56;59
1834;1;28;29;33;36;46;48;49;52;60
1835;23;24;29;35;43;44;45;47;48;57
1836;13;14;20;21;24;26;37;45;46;50
1837;3;11;13;20;21;37;39;46;48;60
1838;10;18;23;24;29;32;44;53;55;60
1839;4;5;14;16;18;25;28;33;51;53
1840;17;18;33;34;38;49;50;51;56;57
1841;3;6;11;26;30;36;45;47;52;57
1842;4;5;12;14;19;25;29;46;48;49
1843;1;9;12;17;25;27;31;35;52;56
1844;3;6;13;15;19;20;26;47;50;55
1845;13;15;32;33;41;43;53;54;57;59
1846;4;7;14;22;29;33;36;44;45;54
1847;8;20;28;32;34;41;50;53;54;56
1848;1;3;18;19;22;27;32;39;53;57
1849;2;4;11;20;23;26;31;34;36;58
1850;4;20;23;26;27;37;46;53;56;60
1851;1;2;16;17;23;30;41;42;53;56
1852;5;9;18;23;24;30;36;41;42;47
1853;4;25;26;37;45;47;48;53;56;58
1854;12;13;21;29;30;31;39;42;44;53
1855;2;4;6;16;19;27;38;39;41;58
1856;1;3;5;7;21;30;31;41;48;51
1857;2;9;12;17;18;23;32;33;46;56
1858;4;11;12;13;16;25;28;35;40;41
1859;1;4;6;12;25;26;42;44;46;53
1860;7;14;28;29;33;38;47;51;54;55
1861;7;8;17;30;36;37;43;46;49;58
1862;3;7;8;13;17;24;40;44;48;54
1863;2;11;12;18;28;45;47;53;56;57
1864;2;5;7;20;24;28;38;44;46;50
1865;8;12;17;18;27;32;43;45;47;59
1866;9;21;23;29;36;40;42;45;48;51
1867;7;9;13;14;21;28;29;31;55;59
1868;1;3;8;12;18;25;33;37;50;59
1869;4;8;11;12;24;35;36;45;54;56
1870;2;9;17;20;39;40;46;47;51;58
1871;8;15;22;25;26;32;38;52;54;60
1872;11;18;20;21;23;34;43;45;53;55
1873;5;8;9;10;17;35;37;39;53;57
1874;5;8;10;13;16;20;32;33;53;56
1875;2;12;17;29;42;43;48;50;51;52
1876;3;6;7;11;13;28;31;38;54;58
1877;19;23;24;26;31;35;47;56;58;59
1878;3;9;10;18;20;21;22;28;31;50
1879;3;6;9;22;23;24;37;40;54;55
1880;8;14;16;28;31;33;34;49;57;60
1881;7;19;20;23;24;29;31;32;34;59
1882;2;7;12;13;16;21;23;37;39;56
1883;11;20;27;37;38;47;53;57;58;59
1884;16;21;24;27;29;32;41;49;56;59
1885;11;12;25;27;40;47;49;54;58;60
1886;6;19;20;27;32;36;47;54;56;58
1887;11;23;30;33;42;43;44;45;50;58
1888;8;9;13;19;22;26;30;41;43;49
1889;2;3;4;10;14;19;22;31;43;55
1890;1;5;9;17;26;29;33;40;43;60
1891;13;22;23;26;28;48;54;55;56;59
1892;7;25;36;39;40;46;48;49;52;55
1893;4;9;16;28;31;39;45;46;56;58
1894;1;2;7;11;13;19;20;44;46;55
1895;8;11;14;23;32;35;41;43;44;45
1896;6;16;20;31;33;39;44;47;49;54
1897;7;13;26;37;40;41;45;46;47;52
1898;7;10;15;32;34;40;43;44;47;50
1899;4;5;8;30;31;36;38;49;53;60
1900;2;13;15;17;31;36;37;57;58;60
1901;5;6;11;19;32;35;36;39;48;53
1902;9;12;29;30;35;36;37;39;49;51
1903;6;20;23;25;50;53;54;55;56;58
1904;4;6;7;11;15;21;31;43;50;57
1905;2;9;14;21;37;42;43;51;55;58
1906;4;5;9;11;12;25;30;44;49;55
1907;1;10;12;13;33;40;41;42;48;50
1908;18;24;25;29;31;48;49;50;57;59
1909;3;4;15;23;25;30;50;53;55;56
1910;2;6;11;12;39;44;49;53;59;60
1911;13;18;29;30;31;36;43;51;52;53
1912;1;32;39;40;44;47;50;52;55;58
1913;3;6;8;11;12;18;27;29;57;58
1914;6;7;15;16;17;24;26;42;43;59
1915;4;5;8;21;26;37;46;55;58;60
1916;12;18;29;32;36;39;41;45;55;60
1917;4;12;20;21;32;36;37;41;55;56
1918;3;6;24;27;31;40;42;43;49;55
1919;1;6;8;16;45;49;52;54;58;59
1920;12;13;19;26;28;29;31;36;43;45
1921;1;13;28;30;31;37;38;40;44;46
1922;3;4;5;16;21;32;35;40;45;47
1923;4;5;10;11;38;44;45;52;54;60
1924;10;14;20;21;30;36;37;45;54;56
1925;3;5;21;27;28;31;32;35;46;47
1926;3;13;14;26;29;39;43;46;50;52
1927;6;14;17;18;20;28;29;30;37;44
1928;10;26;30;31;32;34;35;38;49;60
1929;4;14;15;18;24;33;39;41;50;51
1930;9;13;14;15;20;27;29;42;53;54
1931;11;15;23;28;30;31;41;46;48;57
1932;5;15;18;20;21;22;30;37;53;55
1933;8;18;19;21;23;33;38;48;51;56
1934;4;20;25;27;34;35;39;40;52;56
1935;8;15;18;25;28;36;41;44;46;54
1936;11;17;22;25;31;35;36;37;41;43
1937;1;12;16;31;34;38;41;47;51;54
1938;3;9;15;22;31;32;43;46;54;55
1939;3;4;5;9;27;44;49;50;54;56
1940;3;6;9;24;28;30;36;53;56;57
1941;5;6;9;14;17;34;40;49;51;54
1942;2;10;12;28;31;41;43;53;56;58
1943;13;14;15;20;44;47;50;51;56;59
1944;10;11;12;33;35;37;43;44;45;48
1945;4;6;17;31;35;42;45;50;52;58
1946;7;16;17;18;25;34;36;40;52;57
1947;8;9;12;14;27;30;40;44;50;51
1948;3;15;16;18;22;28;36;38;41;48
1949;17;18;27;28;34;38;40;51;52;53
1950;12;15;17;24;25;38;48;50;58;59
1951;2;3;23;24;35;38;40;45;49;55
1952;2;25;34;36;38;41;47;49;54;55
1953;5;11;15;17;23;25;33;34;38;42
1954;1;6;7;13;15;21;31;32;48;53
1955;5;6;7;13;17;27;44;48;49;50
1956;4;9;11;14;20;21;22;23;27;53
1957;1;17;29;39;45;47;52;55;57;60
1958;6;10;12;24;30;31;42;44;52;54
1959;10;12;21;24;26;37;38;50;53;56
1960;4;10;16;18;24;27;34;52;57;60
1961;6;10;12;23;26;37;42;43;45;58
1962;6;17;18;19;27;36;45;51;54;60
1963;11;13;22;28;30;32;38;39;45;53
1964;7;8;12;16;32;39;42;54;57;59
1965;2;11;15;18;25;36;41;50;53;54
1966;5;15;19;27;36;37;41;49;51;58
1967;3;12;15;26;27;31;41;52;53;57
1968;4;6;17;26;29;32;39;44;53;60
1969;1;18;19;22;37;41;47;49;52;58
1970;6;7;27;29;34;36;39;51;56;60
1971;3;12;17;18;21;23;36;37;43;49
1972;4;6;7;13;30;31;40;46;47;60
1973;15;18;19;26;29;36;40;46;50;51
1974;1;31;32;36;38;39;40;43;53;54
1975;5;7;11;26;36;42;50;51;55;58
1976;23;25;27;30;32;35;41;47;58;59
1977;6;13;17;29;33;41;48;51;52;56
1978;6;9;15;16;17;32;42;45;46;60
1979;8;15;17;23;25;27;39;52;56;60
1980;2;4;15;18;23;25;32;50;51;55
1981;7;11;13;21;23;30;33;37;46;53
1982;1;3;12;13;17;21;29;32;41;52
1983;2;3;10;25;27;30;32;41;53;57
1984;10;17;19;24;28;31;38;41;48;53
1985;14;15;20;21;26;36;38;41;54;59
1986;8;11;13;22;24;50;53;57;58;60
1987;1;3;7;16;20;23;33;53;56;58
1988;4;6;18;27;44;46;47;54;58;59
1989;1;4;23;28;33;44;45;47;48;53
1990;4;7;13;30;32;40;43;45;53;55
1991;9;16;19;20;23;32;36;38;41;50
1992;3;13;15;19;35;46;48;49;58;59
1993;2;3;7;11;13;24;41;48;50;56
1994;2;9;22;26;28;37;41;45;46;55
1995;1;7;11;13;19;25;28;37;41;60
1996;8;16;25;34;39;47;51;55;57;58
1997;13;24;26;28;41;42;46;47;49;58
1998;9;25;27;31;42;47;49;50;56;57
1999;2;4;5;7;13;17;35;42;43;58
2000;2;8;17;28;30;37;39;44;49;59
2001;3;4;6;12;29;32;38;52;54;60
2002;11;12;13;19;21;25;32;39;44;60
2003;4;14;27;30;36;44;46;48;50;54
2004;5;9;19;23;39;43;47;52;55;60
2005;3;8;22;33;36;46;54;55;57;60
2006;2;13;17;25;26;31;33;51;58;59
2007;12;16;17;18;25;29;31;43;44;57
2008;3;8;16;27;28;31;35;41;42;51
2009;4;7;21;33;39;42;44;47;50;55
2010;4;11;13;21;28;33;37;45;55;60
2011;5;6;21;23;30;35;38;39;53;59
2012;5;6;26;32;39;47;52;56;59;60
2013;1;8;10;19;20;23;40;46;51;60
2014;1;11;19;22;24;32;34;36;38;49
2015;7;16;25;28;48;51;52;55;58;60
2016;7;12;14;32;33;37;41;49;51;54
2017;2;13;18;30;32;34;39;43;51;54
2018;4;5;11;16;22;23;26;37;50;55
2019;6;14;18;22;24;29;31;45;51;55
2020;2;9;12;16;19;23;46;52;53;58
2021;12;14;21;23;24;28;38;43;45;49
2022;4;14;28;36;37;45;46;51;54;57
2023;5;9;10;14;17;22;28;31;47;48
2024;2;5;14;17;26;43;48;54;55;59
2025;2;8;10;14;16;19;34;37;39;55
2026;9;14;24;25;29;33;42;48;58;59
2027;9;23;37;41;43;46;52;57;58;60
2028;13;20;21;32;37;38;49;53;56;58
2029;16;20;31;36;37;39;41;44;50;56
2030;2;26;28;33;36;37;42;44;46;60
2031;5;7;10;18;30;31;33;40;53;59
2032;6;7;10;23;37;38;40;41;54;56
2033;1;7;9;16;30;31;34;48;50;51
2034;17;25;32;34;38;41;43;47;53;55
2035;8;9;11;18;26;28;34;46;54;58
2036;5;10;14;24;26;27;31;34;56;58
2037;1;12;16;25;26;37;38;44;46;49
2038;3;14;27;29;36;44;45;48;49;57
2039;4;9;10;24;25;31;41;42;45;50
2040;7;8;9;19;28;46;53;55;57;58
2041;1;26;32;38;44;48;55;57;59;60
2042;6;20;26;28;37;38;45;46;51;54
2043;5;6;19;20;26;30;33;35;42;49
2044;8;10;11;13;14;26;29;31;48;49
2045;1;2;8;15;28;30;32;35;48;59
2046;6;9;12;14;16;17;39;45;54;60
2047;1;18;20;22;27;29;33;34;51;54
2048;2;5;6;25;26;36;38;40;55;57
2049;7;10;13;17;18;22;23;27;41;44
2050;8;23;24;25;29;34;41;42;50;58
2051;4;16;17;26;31;46;55;56;57;60
2052;1;5;12;16;25;33;35;40;53;59
2053;5;10;15;19;22;27;30;31;54;60
2054;9;13;14;16;21;22;23;39;43;50
2055;4;5;6;7;11;15;18;29;43;46
2056;8;13;23;25;28;33;35;49;50;51
2057;6;7;10;15;16;23;29;32;42;59
2058;4;6;11;12;18;19;32;39;50;56
2059;2;14;19;21;23;24;37;52;57;59
2060;12;13;19;20;30;34;38;40;52;57
2061;7;18;20;25;32;35;36;38;39;45
2062;2;3;16;22;35;42;43;45;54;58
2063;10;11;12;19;27;30;50;53;54;56
2064;3;6;7;25;37;39;44;46;57;59
2065;8;10;13;19;21;32;46;47;49;58
2066;15;17;19;20;22;27;30;49;52;53
2067;2;4;6;13;15;19;37;41;44;49
2068;8;13;18;20;30;34;47;50;57;59
2069;1;6;15;18;24;28;35;48;49;59
2070;3;28;34;36;40;41;43;47;59;60
2071;4;14;16;27;30;34;37;45;54;57
2072;1;2;5;6;12;17;23;56;58;60
2073;24;26;31;36;37;41;43;44;49;60
2074;2;8;9;15;31;34;38;55;58;60
2075;3;5;7;11;13;19;25;28;31;50
2076;19;26;30;37;39;48;49;53;54;57
2077;4;14;27;31;37;43;45;48;53;58
2078;2;5;11;14;25;26;30;40;49;54
2079;2;12;16;28;32;36;43;45;48;49
2080;2;8;14;20;21;31;40;44;49;50
2081;4;16;26;28;35;43;47;53;54;56
2082;5;6;8;13;21;24;27;39;52;60
2083;9;15;28;31;32;34;46;49;53;57
2084;9;11;14;16;18;21;31;35;38;50
2085;16;18;26;36;39;45;46;50;56;57
2086;5;12;34;36;38;40;41;43;59;60
2087;3;5;8;11;19;25;46;47;56;58
2088;8;16;21;24;25;32;43;45;53;56
2089;8;12;26;30;31;40;48;51;56;57
2090;1;3;10;13;17;25;32;45;49;54
2091;3;4;8;9;16;19;20;21;39;54
2092;3;10;13;17;25;29;31;37;59;60
2093;10;11;15;19;20;37;39;43;52;56
2094;1;5;6;23;25;27;36;43;49;57
2095;5;7;14;23;27;40;42;44;48;52
2096;17;20;21;24;25;27;32;52;56;59
2097;6;10;11;24;27;30;37;42;55;60
2098;1;3;12;24;30;32;41;48;50;56
2099;16;20;24;25;33;44;51;53;58;59
2100;2;4;12;23;25;28;29;33;37;42
2101;3;13;25;33;48;49;52;55;58;60
2102;10;15;16;20;23;34;35;38;41;48
2103;4;21;33;39;44;48;50;51;55;58
2104;1;14;20;23;33;42;43;48;57;60
2105;2;5;6;9;14;21;23;37;49;54
2106;2;6;9;16;20;33;46;52;54;56
2107;3;7;18;21;43;50;51;53;58;59
2108;2;3;11;13;21;34;46;51;57;60
2109;4;14;25;35;41;43;44;51;59;60
2110;3;5;10;17;21;23;36;39;50;59
2111;14;15;21;22;29;37;42;45;46;58
2112;7;11;17;30;35;39;40;45;51;56
2113;4;5;11;17;21;24;39;42;53;56
2114;3;8;9;14;19;36;48;50;52;60
2115;7;14;17;24;29;33;44;46;51;57
2116;1;8;21;25;32;33;45;53;54;55
2117;1;6;7;18;21;26;27;31;43;58
2118;8;15;17;31;33;38;44;45;54;60
2119;1;9;15;25;28;29;38;46;48;55
2120;7;11;12;17;22;26;33;35;39;50
2121;1;2;12;16;17;23;24;28;36;55
2122;8;16;18;21;24;26;32;46;54;58
2123;11;15;17;32;38;40;41;44;51;54
2124;2;3;14;19;20;26;30;35;36;60
2125;8;16;17;20;22;23;37;44;48;58
2126;1;9;18;19;25;28;30;32;40;43
2127;2;5;10;11;33;37;38;40;45;46
2128;6;11;16;19;24;32;42;44;52;60
2129;26;29;34;35;37;39;41;44;47;56
2130;3;6;32;33;34;35;39;40;44;53
2131;3;5;7;9;22;32;34;50;56;60
2132;5;10;12;31;33;37;41;42;47;55
2133;14;15;18;23;35;37;52;53;54;58
2134;2;8;12;19;30;42;43;45;46;47
2135;1;3;7;11;16;25;27;33;46;51
2136;5;7;9;14;19;31;35;44;51;56
2137;9;10;12;13;19;28;29;34;41;51
2138;6;21;22;23;33;34;37;45;50;60
2139;7;30;40;43;44;46;47;48;54;60
2140;7;9;13;22;24;34;36;51;54;56
2141;1;5;8;12;13;17;36;42;53;56
2142;5;6;7;20;31;35;42;51;59;60
2143;4;12;19;31;46;48;49;51;57;58
2144;11;12;19;23;24;39;49;52;55;56
2145;2;4;7;21;29;40;47;51;53;59
2146;1;6;13;33;34;36;40;44;47;54
2147;1;10;20;31;33;36;37;44;47;56
2148;5;7;10;17;22;23;24;40;53;54
2149;1;25;28;30;33;34;37;42;43;57
2150;5;11;13;26;29;33;41;42;43;51
2151;3;4;15;24;25;33;36;45;56;60
2152;1;2;5;9;15;24;25;54;56;57
2153;6;15;19;20;25;35;37;39;43;51
2154;3;5;17;19;25;26;28;44;55;56
2155;1;2;17;22;27;30;35;42;50;55
2156;2;4;10;22;28;30;36;37;43;54
2157;2;15;16;21;24;30;33;38;39;53
2158;1;4;8;27;28;40;43;47;56;59
2159;1;3;12;14;26;36;53;55;58;59
2160;2;7;21;23;24;39;50;52;59;60
2161;3;10;14;17;18;21;22;24;35;40
2162;6;11;16;18;24;33;34;45;53;57
2163;6;13;18;24;28;32;33;39;48;50
2164;8;10;16;20;21;23;26;32;37;50
2165;14;17;27;29;38;43;45;46;50;57
2166;4;27;28;37;46;47;51;52;55;58
2167;4;14;25;29;31;38;43;44;49;53
2168;4;8;9;10;29;40;43;48;53;56
2169;1;4;5;10;33;35;36;39;43;60
2170;4;7;14;15;20;23;44;46;47;52
2171;10;12;16;22;23;30;37;41;42;48
2172;3;7;8;10;13;15;31;32;49;58
2173;5;7;12;16;19;30;33;48;58;60
2174;11;13;32;35;36;40;41;44;46;49
2175;4;5;13;18;24;25;28;33;40;54
2176;7;8;20;29;30;31;35;36;51;60
2177;2;8;17;26;29;42;43;51;52;57
2178;10;16;24;28;36;41;42;47;54;55
2179;5;8;14;24;26;34;38;47;50;55
2180;2;3;10;22;23;39;40;41;49;60
2181;8;17;26;30;31;35;40;41;42;46
2182;1;2;11;12;19;20;22;44;46;58
2183;10;15;16;27;33;34;44;48;49;58
2184;4;6;10;19;29;31;39;47;52;53
2185;2;22;29;31;38;42;44;49;50;59
2186;4;7;8;15;27;44;46;47;50;55
2187;4;12;13;20;30;31;52;58;59;60
2188;14;18;21;22;25;40;50;51;57;58
2189;8;23;35;44;46;48;55;56;59;60
2190;8;11;21;28;29;30;31;49;51;60
2191;12;14;26;30;31;33;39;43;54;55
2192;10;15;18;29;33;41;46;51;56;58
2193;2;5;22;23;30;32;34;42;49;60
2194;3;7;15;17;18;28;39;45;57;59
2195;2;11;18;20;27;29;37;42;54;57
2196;1;4;10;14;21;32;34;35;40;52
2197;8;12;17;21;22;31;41;44;47;49
2198;1;3;6;7;12;36;40;47;49;51
2199;7;9;20;26;29;30;37;47;54;58
2200;1;17;24;36;40;47;49;57;58;60
2201;1;13;20;27;31;34;35;41;42;44
2202;15;17;23;29;32;35;41;47;51;58
2203;3;4;5;7;8;18;20;42;48;51
2204;19;22;24;33;36;40;45;46;49;54
2205;5;8;11;14;15;17;20;22;30;56
2206;6;8;15;32;34;41;42;51;52;56
2207;10;13;15;21;23;25;27;31;34;56
2208;2;15;18;20;28;34;36;44;45;54
2209;2;10;18;20;30;33;36;40;51;55
2210;3;8;21;24;26;38;42;44;49;59
2211;1;5;6;8;17;21;22;27;39;56
2212;7;33;34;35;48;49;51;52;57;60
2213;1;2;24;29;31;34;37;42;50;56
2214;6;15;27;36;37;44;46;47;48;50
2215;2;6;12;16;29;37;40;44;53;55
2216;5;10;18;20;23;24;27;49;54;58
2217;11;17;19;36;44;46;49;51;55;57
2218;9;13;21;22;27;35;40;46;55;59
2219;8;9;10;21;31;33;46;54;55;56
2220;6;21;27;28;40;42;44;46;52;60
2221;2;3;6;9;11;12;27;29;40;41
2222;14;19;23;29;34;37;44;45;48;54
2223;5;8;11;28;32;44;46;47;56;59
2224;8;18;20;21;29;32;34;35;57;59
2225;9;28;29;30;37;38;42;43;54;57
2226;1;7;23;25;36;37;39;46;52;57
2227;1;11;13;15;30;36;39;46;55;60
2228;9;12;27;31;34;35;40;47;50;51
2229;1;11;18;39;44;46;47;52;57;60
2230;1;3;9;20;22;29;39;46;55;59
2231;7;9;12;15;29;34;37;50;54;60
2232;2;7;15;18;19;24;35;39;41;46
2233;2;3;5;14;20;24;36;42;45;52
2234;8;24;26;28;38;42;47;57;58;59
2235;2;7;13;22;29;42;46;47;52;53
2236;3;5;7;8;9;13;28;33;42;47
2237;4;10;11;20;22;23;30;34;41;59
2238;1;5;6;7;16;32;33;37;40;41
2239;2;3;4;5;28;31;32;34;55;58
2240;4;23;30;33;35;40;44;47;48;50
2241;13;14;25;27;28;37;42;44;46;57
2242;7;9;11;14;23;25;31;34;53;56
2243;1;10;13;15;25;26;39;44;50;58
2244;5;13;17;20;32;39;44;51;52;56
2245;1;2;10;16;24;35;45;51;53;57
2246;5;11;12;14;24;30;34;38;42;47
2247;2;24;25;28;30;33;40;53;55;57
2248;2;16;17;22;24;34;40;43;46;59
2249;7;9;18;29;32;35;43;46;50;51
2250;6;9;22;23;33;35;46;48;53;58
2251;18;20;22;24;26;28;37;38;40;51
2252;12;17;19;24;25;27;28;38;39;48
2253;3;12;20;21;32;36;40;42;46;51
2254;4;5;11;14;15;45;46;52;59;60
2255;3;10;23;25;34;38;52;55;56;59
2256;9;15;22;23;26;48;49;52;53;57
2257;5;9;13;18;24;29;42;48;49;57
2258;3;15;18;19;30;34;35;42;47;57
2259;1;6;13;22;38;41;46;47;59;60
2260;1;3;5;8;9;10;12;26;51;58
2261;4;20;21;23;29;32;46;47;50;54
2262;6;21;32;35;44;49;53;56;59;60
2263;1;4;7;10;13;18;24;39;56;60
2264;2;9;15;22;28;31;35;42;50;53
2265;9;19;25;27;29;33;49;50;53;59
2266;3;8;11;14;25;28;29;30;49;50
2267;3;6;11;19;20;22;29;39;41;50
2268;14;15;19;20;26;29;35;47;48;50
2269;1;7;11;16;35;44;45;47;51;52
2270;1;3;8;15;27;37;39;43;50;53
2271;6;13;15;19;28;33;39;41;48;60
2272;3;9;11;20;22;26;27;40;44;50
2273;2;9;17;22;24;34;35;38;41;51
2274;2;8;17;20;34;38;43;54;55;59
2275;11;13;17;20;29;33;35;36;41;44
2276;2;12;14;15;19;21;33;40;48;59
2277;19;22;25;36;44;45;47;53;55;60
2278;2;7;17;26;33;34;39;41;49;54
2279;13;20;23;33;37;43;46;55;57;59
2280;6;10;14;38;44;45;49;52;57;60
2281;3;4;10;11;12;25;30;46;56;59
2282;8;10;17;21;23;32;37;42;47;51
2283;7;21;29;34;35;37;46;48;53;55
2284;9;11;12;17;25;40;51;56;59;60
2285;9;14;21;27;28;40;46;47;50;55
2286;8;9;12;13;21;29;36;40;41;44
2287;17;24;29;31;32;40;44;48;52;53
2288;10;11;12;19;32;35;44;53;56;58
2289;8;24;37;39;42;44;45;52;55;60
2290;4;7;17;34;45;51;53;54;57;60
2291;8;13;18;27;38;40;41;43;48;57
2292;3;10;15;18;21;34;35;51;54;60
2293;4;11;14;15;17;18;24;48;57;60
2294;5;12;13;19;20;32;33;35;50;58
2295;1;5;9;18;20;24;28;42;45;55
2296;7;8;10;13;14;20;37;38;41;46
2297;1;3;8;14;23;26;30;46;50;56
2298;1;8;15;16;17;19;34;41;55;58
2299;4;12;16;18;24;26;35;50;51;55
2300;8;13;17;20;21;27;37;46;48;57
2301;1;2;13;25;37;47;50;57;58;60
2302;9;10;14;16;19;23;38;39;46;48
2303;1;6;13;21;26;32;34;46;55;57
2304;11;13;22;27;29;30;33;44;47;53
2305;10;18;20;21;24;25;34;40;50;55
2306;5;12;17;21;26;29;44;45;51;53
2307;5;6;8;12;18;29;39;48;52;59
2308;3;6;8;9;10;11;16;18;21;33
2309;3;10;13;18;26;29;42;45;46;48
2310;3;7;14;18;19;30;32;35;48;55
2311;3;4;8;9;11;33;39;47;50;56
2312;2;10;29;30;31;37;46;48;50;52
2313;6;10;11;17;19;23;25;30;33;40
2314;21;30;36;38;39;41;42;49;50;51
2315;1;9;14;16;23;27;29;31;37;58
2316;5;15;25;31;32;35;40;49;51;56
2317;5;11;17;19;21;29;32;46;55;60
2318;1;9;13;20;26;38;47;48;49;53
2319;3;9;19;25;27;29;32;43;50;55
2320;2;13;15;31;36;37;50;51;53;57
2321;1;2;15;19;21;28;34;53;55;59
2322;1;3;12;15;19;23;42;44;45;56
2323;9;12;14;15;29;35;36;37;49;50
2324;1;2;9;15;24;30;32;46;52;57
2325;1;6;10;11;22;25;34;50;57;60
2326;2;10;22;27;32;33;51;53;57;60
2327;10;15;28;30;33;35;36;48;55;60
2328;11;15;25;27;30;40;42;47;57;59
2329;3;12;19;21;25;30;42;47;57;58
2330;1;11;14;31;32;37;38;46;47;48
2331;1;15;16;23;26;29;40;41;50;59
2332;13;18;19;24;26;30;40;41;55;58
2333;5;10;11;21;29;40;51;52;53;56
2334;14;15;20;22;26;35;37;41;50;57
2335;1;4;5;6;8;11;20;37;48;59
2336;2;7;13;19;21;24;26;31;50;57
2337;6;9;17;18;23;33;37;38;43;57
2338;5;14;22;25;27;43;54;57;59;60
2339;7;9;13;17;31;34;40;51;56;57
2340;14;25;33;34;38;40;41;43;45;54
2341;14;15;21;28;39;40;44;47;53;55
2342;2;13;22;34;35;36;40;44;51;54
2343;2;4;6;15;25;26;27;44;48;51
2344;4;16;17;21;23;26;34;40;44;48
2345;1;2;10;12;16;22;27;34;37;53
2346;2;11;16;20;23;29;31;36;56;58
2347;6;10;14;15;20;21;35;40;43;57
2348;3;12;27;28;41;43;45;54;59;60
2349;3;24;27;32;34;37;41;57;58;59
2350;8;9;10;12;13;30;38;41;50;53
2351;4;9;13;19;27;28;32;33;42;43
2352;4;14;16;23;35;42;46;50;59;60
2353;2;9;10;16;20;30;43;46;55;60
2354;4;5;19;25;27;29;45;54;57;60
2355;1;4;8;15;32;39;42;47;50;52
2356;3;23;31;32;34;35;40;44;53;59
2357;3;6;9;21;23;34;39;46;49;60
2358;8;12;20;24;31;33;34;36;58;59
2359;2;4;6;14;15;29;34;43;51;60
2360;4;12;24;36;38;47;49;54;56;57
2361;4;11;12;29;34;36;37;42;44;51
2362;6;7;13;20;36;38;41;50;52;53
2363;4;5;6;17;30;39;44;48;52;58
2364;7;8;10;13;23;39;42;45;46;56
2365;2;10;13;18;23;34;40;51;54;60
2366;5;7;8;29;34;37;44;46;50;60
2367;8;14;21;24;29;34;38;40;54;58
2368;1;3;13;35;38;41;42;54;56;57
2369;2;4;11;13;19;24;32;39;51;52
2370;2;6;17;32;34;35;46;48;55;57
2371;5;7;9;24;25;34;39;48;52;55
2372;2;14;16;31;36;41;44;46;54;55
2373;1;2;12;20;23;25;29;33;47;52
2374;6;8;9;13;15;29;33;43;56;57
2375;2;11;15;34;37;40;41;47;50;56
2376;4;7;15;19;30;33;41;46;50;52
2377;6;10;23;26;28;29;37;39;42;55
2378;5;16;17;18;30;33;36;41;44;53
2379;9;10;17;21;24;29;32;37;38;60
2380;7;8;16;17;26;39;41;50;52;60
2381;3;6;9;11;21;22;32;39;46;56
2382;3;10;22;23;26;30;31;33;53;60
2383;6;14;18;22;27;29;31;41;55;56
2384;4;7;8;21;22;26;40;43;45;55
2385;3;6;14;39;49;50;54;56;59;60
2386;1;5;21;29;30;31;36;47;53;58
2387;17;24;27;32;33;36;45;52;54;60
2388;4;8;12;15;17;19;21;38;45;60
2389;1;2;9;21;35;42;43;45;46;58
2390;9;16;17;26;27;30;45;47;48;56
2391;2;7;8;12;19;23;24;37;43;50
2392;8;15;16;17;26;35;43;48;53;59
2393;2;3;5;18;28;34;40;45;46;54
2394;4;5;8;11;19;31;41;44;46;54
2395;2;16;18;20;23;28;31;32;46;52
2396;5;14;16;19;20;22;24;36;49;50
2397;8;16;17;18;20;21;26;31;34;58
2398;3;24;39;40;42;45;50;54;59;60
2399;1;2;7;10;43;46;47;50;51;54
2400;5;14;16;17;22;24;34;38;44;56
2401;2;4;8;9;13;16;20;30;42;46
2402;5;13;29;33;44;45;47;48;52;56
2403;8;18;19;24;30;31;51;52;56;57
2404;2;5;26;31;35;39;47;52;54;55
2405;9;15;20;21;26;29;36;38;53;54
2406;1;2;8;14;15;21;33;47;49;50
2407;2;4;7;9;16;18;25;30;41;58
2408;5;16;17;19;22;30;34;44;57;59
2409;6;11;13;14;22;24;33;34;36;43
2410;2;9;12;20;24;42;43;44;59;60
2411;3;11;16;17;22;26;37;48;50;51
2412;14;15;19;32;34;35;44;45;46;55
2413;2;16;20;24;29;38;41;44;51;57
2414;28;29;30;39;43;46;51;54;57;59
2415;1;6;20;28;37;41;42;54;55;58
2416;1;10;15;18;21;23;31;32;49;52
2417;13;17;22;23;27;36;48;49;57;60
2418;4;19;25;30;37;42;46;49;54;57
2419;3;7;13;17;20;30;33;48;52;60
2420;5;6;25;26;34;40;46;48;53;55
2421;13;22;23;27;36;40;48;50;53;59
2422;3;6;8;15;29;35;39;44;57;59
2423;17;18;19;23;27;42;43;45;48;57
2424;6;17;24;31;39;41;45;46;48;54
2425;2;3;8;9;17;33;39;42;51;55
2426;3;5;7;14;15;20;25;26;43;55
2427;7;8;18;20;23;24;28;36;43;55
2428;1;5;8;11;12;18;24;35;36;45
2429;15;31;32;33;35;40;41;48;53;60
2430;7;9;13;18;19;33;37;46;52;55
2431;12;15;18;19;22;26;40;49;52;56
2432;1;12;18;23;24;26;38;50;52;56
2433;6;12;18;19;32;33;41;44;50;52
2434;9;10;13;15;26;33;35;37;54;59
2435;5;7;9;29;32;35;36;53;56;58
2436;6;10;13;22;34;36;43;48;49;50
2437;3;23;36;39;41;48;49;51;54;59
2438;9;15;18;25;29;37;38;44;53;55
2439;4;20;21;27;34;44;45;48;55;56
2440;5;14;16;17;22;24;26;38;53;58
2441;4;7;9;11;17;18;28;30;39;60
2442;1;3;5;10;15;26;44;48;55;58
2443;12;13;14;22;24;33;35;37;52;58
2444;4;19;20;21;23;25;34;37;53;57
2445;11;13;14;21;24;26;32;34;43;57
2446;7;8;10;12;16;33;35;40;48;55
2447;3;27;33;38;40;44;49;56;57;59
2448;2;12;19;23;29;35;36;42;52;56
2449;21;29;32;34;44;45;47;54;58;60
2450;1;7;12;16;21;30;35;48;52;55
2451;6;9;11;13;26;27;28;34;37;55
2452;5;7;16;25;29;30;35;43;55;58
2453;15;24;30;35;38;44;46;49;51;54
2454;4;8;12;33;37;45;46;47;49;53
2455;2;12;15;19;29;31;35;36;47;49
2456;6;7;8;18;26;28;30;35;43;44
2457;7;15;20;25;30;37;46;49;56;57
2458;3;6;10;17;21;27;29;47;49;60
2459;2;6;9;13;14;16;17;35;36;44
2460;10;12;18;22;29;32;34;42;52;60
2461;1;9;22;24;25;32;41;44;54;59
2462;2;8;25;31;38;41;43;55;56;57
2463;8;18;36;39;41;42;45;54;56;57
2464;3;7;12;13;31;33;42;43;48;54
2465;1;2;11;13;21;22;28;37;53;55
2466;8;15;17;23;32;34;41;46;50;52
2467;6;7;24;28;29;31;34;45;50;60
2468;9;12;14;21;25;26;30;42;47;48
2469;3;23;24;30;31;35;42;44;51;56
2470;1;11;14;26;33;34;36;41;45;52
2471;5;15;16;18;26;27;36;39;47;57
2472;4;14;20;23;24;25;38;52;59;60
2473;1;8;12;16;17;21;27;30;57;59
2474;4;7;13;17;22;28;38;40;44;51
2475;8;11;13;15;18;22;32;42;45;52
2476;2;3;8;12;13;24;30;31;44;60
2477;5;10;20;28;35;40;43;54;55;60
2478;2;5;12;16;18;23;26;28;34;43
2479;3;8;17;20;22;26;30;42;49;59
2480;11;13;16;17;31;33;36;39;46;52
2481;1;6;17;19;29;30;42;43;44;57
2482;1;4;5;7;28;34;41;45;50;56
2483;10;11;27;30;33;43;44;50;52;57
2484;4;10;11;15;22;24;25;43;50;53
2485;5;6;9;13;22;29;37;54;56;57
2486;8;10;14;15;25;30;34;50;55;57
2487;13;23;24;26;43;45;46;50;51;53
2488;11;30;32;33;36;50;52;54;57;58
2489;7;13;17;18;28;42;48;49;51;58
2490;6;8;16;17;20;24;31;32;34;35
2491;1;8;11;23;24;32;43;47;48;53
2492;2;4;18;24;29;30;36;45;49;60
2493;1;5;14;24;34;47;51;52;53;60
2494;20;21;22;28;42;45;52;54;57;60
2495;5;12;15;16;29;30;31;37;53;55
2496;3;9;12;19;21;36;48;55;57;59
2497;2;18;23;26;44;48;49;54;55;57
2498;10;11;14;20;23;24;26;28;39;54
2499;4;6;11;19;20;34;36;42;48;58
2500;10;14;21;24;36;39;45;51;53;60
2501;3;4;9;15;17;23;27;28;51;57
2502;4;5;16;19;23;35;39;40;51;59
2503;11;16;20;23;26;33;42;44;48;52
2504;9;19;23;24;27;30;41;51;53;57
2505;3;8;10;25;37;39;41;49;50;55
2506;9;13;19;34;36;39;40;45;49;50
2507;28;29;35;40;43;44;46;48;52;53
2508;2;18;24;25;34;42;52;54;55;58
2509;2;6;20;22;27;30;33;39;52;55
2510;6;13;27;39;43;44;46;54;56;58
2511;3;9;24;34;39;42;44;45;52;57
2512;15;23;26;27;32;50;53;54;56;60
2513;3;27;28;30;31;33;37;42;43;44
2514;6;12;18;23;42;48;51;52;57;59
2515;5;6;10;26;29;34;44;45;48;51
2516;12;15;22;25;37;42;48;50;51;53
2517;6;14;16;19;21;22;34;47;52;54
2518;11;12;15;19;28;29;38;44;50;52
2519;16;17;24;29;34;41;43;45;54;60
2520;6;15;16;20;37;40;44;50;55;58
2521;5;8;9;10;17;30;36;42;44;45
2522;1;2;11;14;17;22;30;36;50;57
2523;7;16;27;33;35;42;47;49;54;55
2524;8;9;13;14;37;38;41;45;48;52
2525;5;6;16;30;31;33;34;35;40;55
2526;4;6;15;17;35;38;39;49;51;54
2527;2;14;18;19;24;26;27;36;53;59
2528;3;4;14;20;21;29;30;31;55;60
2529;2;4;17;18;19;20;23;29;34;44
2530;6;11;19;28;29;32;34;44;51;52
2531;1;3;4;22;30;35;38;43;45;53
2532;11;13;23;26;30;39;41;48;53;56
2533;6;8;19;20;41;42;53;56;57;60
2534;1;14;32;36;40;43;50;53;57;58
2535;4;7;15;20;25;28;32;50;51;60
2536;5;6;9;18;24;31;36;41;42;43
2537;2;6;14;24;32;40;43;49;55;56
2538;4;8;10;17;28;32;34;40;41;56
2539;8;15;23;33;39;42;46;51;53;57
2540;1;13;22;24;25;32;38;42;50;56
2541;4;5;7;10;17;20;21;31;41;46
2542;6;10;13;37;39;41;42;46;56;60
2543;3;7;23;25;32;37;38;47;50;54
2544;8;15;19;20;23;33;42;48;53;54
2545;8;10;28;31;33;37;38;40;44;45
2546;5;10;15;25;32;34;39;40;54;55
2547;10;13;14;31;38;43;46;51;53;55
2548;1;12;14;17;28;32;42;44;49;57
2549;3;4;6;8;19;23;45;48;53;59
2550;5;7;10;16;17;30;31;34;55;56
2551;2;13;16;34;37;43;46;54;58;59
2552;9;12;17;23;31;35;47;48;54;59
2553;13;15;22;25;37;42;43;46;52;58
2554;1;5;10;15;19;23;31;43;44;47
2555;2;3;9;10;16;31;35;43;46;49
2556;7;10;13;22;31;39;40;51;54;55
2557;4;11;15;18;19;31;35;39;45;56
2558;1;5;21;23;33;35;39;47;53;60
2559;21;24;26;34;36;44;47;49;55;57
2560;9;21;28;29;42;43;45;52;54;55
2561;7;30;32;36;38;39;42;47;57;60
2562;1;2;9;16;19;23;33;38;40;46
2563;5;7;9;14;24;29;46;49;50;59
2564;1;6;14;16;18;21;42;48;51;59
2565;8;11;15;27;32;38;45;46;48;52
2566;7;11;16;17;19;24;26;41;47;56
2567;1;3;10;11;20;22;26;34;50;54
2568;7;13;15;26;34;35;47;49;52;53
2569;6;7;12;13;16;23;26;50;54;60
2570;7;12;24;31;39;46;48;51;58;60
2571;3;11;15;16;18;19;31;37;55;58
2572;2;9;10;17;24;25;39;43;50;60
2573;3;6;20;24;33;35;36;39;44;55
2574;1;2;6;23;31;32;47;50;51;58
2575;4;19;22;34;37;39;47;55;56;59
2576;5;6;11;12;21;30;36;44;49;51
2577;3;5;11;22;24;30;31;49;55;59
2578;11;12;17;21;22;25;35;43;47;58
2579;6;19;23;32;33;37;40;43;44;55
2580;4;17;30;37;42;44;47;50;51;53
2581;3;7;16;26;36;38;47;50;54;60
2582;2;10;16;18;19;22;26;47;51;60
2583;2;8;9;14;16;20;21;31;42;46
2584;12;17;20;23;25;34;37;47;50;56
2585;3;15;22;23;34;37;44;47;52;56
2586;8;13;17;37;42;43;44;51;52;60
2587;1;5;15;16;20;25;28;31;48;55
2588;3;5;9;12;15;20;32;39;43;55
2589;1;17;24;38;40;43;45;51;52;58
2590;2;15;20;28;31;34;37;51;54;60
2591;5;7;15;17;26;31;35;46;49;56
2592;4;6;12;15;21;30;37;40;45;54
2593;6;7;14;15;17;19;29;43;49;58
2594;3;12;13;14;16;17;25;30;40;50
2595;7;8;25;28;37;39;46;47;56;57
2596;4;5;6;8;16;18;23;26;55;59
2597;9;18;21;30;34;40;51;52;55;58
2598;6;10;20;21;32;39;41;44;54;55
2599;1;2;8;10;15;16;29;35;38;46
2600;6;8;17;20;22;38;43;48;56;57
2601;1;7;19;21;29;36;41;47;51;56
2602;1;8;14;26;27;36;41;56;57;60
2603;2;4;6;17;26;30;31;40;43;59
2604;4;6;8;21;37;41;44;48;51;58
2605;3;4;8;10;16;19;24;37;40;51
2606;5;14;19;21;24;29;34;37;38;57
2607;2;4;8;11;15;17;25;29;35;50
2608;12;15;17;34;40;42;46;47;49;50
2609;1;5;16;27;29;33;34;39;47;53
2610;7;9;17;20;31;33;40;41;44;47
2611;2;12;13;21;25;39;43;44;45;54
2612;5;16;19;21;30;31;34;40;48;52
2613;1;12;33;35;37;41;52;53;55;59
2614;1;5;19;28;33;34;41;43;58;59
2615;30;33;35;36;38;44;53;54;57;59
2616;12;14;21;24;29;33;44;45;50;55
2617;3;5;19;32;33;39;45;54;59;60
2618;6;15;35;38;40;45;53;55;59;60
2619;1;10;25;27;33;34;44;46;58;60
2620;1;2;7;25;31;37;38;43;52;54
2621;13;16;21;24;34;40;48;49;58;59
2622;8;21;24;26;29;30;38;42;45;56
2623;12;18;30;33;34;40;42;46;55;56
2624;10;13;20;29;31;32;54;55;57;58
2625;4;6;7;9;29;41;42;48;52;59
2626;1;19;20;29;32;41;42;44;47;58
2627;1;7;11;17;19;20;23;28;34;56
2628;5;12;17;19;20;28;37;43;44;46
2629;2;12;15;25;29;40;43;48;55;57
2630;1;9;10;12;24;27;34;38;40;52
2631;8;12;14;27;32;33;37;39;47;51
2632;2;4;20;24;26;35;46;51;52;58
2633;1;4;5;6;8;31;38;57;59;60
2634;10;14;27;39;41;43;48;51;53;58
2635;3;8;18;22;33;34;41;51;56;60
2636;4;15;19;20;23;24;34;36;44;49
2637;3;6;12;15;26;28;37;45;47;57
2638;7;10;13;18;22;24;26;31;39;40
2639;20;24;29;39;42;47;53;56;57;59
2640;6;11;17;21;23;37;45;48;57;58
2641;2;12;13;16;30;33;41;43;51;58
2642;2;4;6;12;20;25;31;45;46;57
2643;20;31;35;39;42;45;47;53;58;59
2644;9;10;24;26;28;34;41;42;43;59
2645;1;2;4;18;30;33;34;40;52;53
2646;15;17;24;27;28;36;39;40;48;59
2647;4;8;13;19;25;29;31;47;51;54
2648;2;7;18;25;27;32;34;40;48;51
2649;9;15;16;27;39;48;51;52;54;56
2650;13;15;24;31;35;38;41;49;51;52
2651;8;15;16;17;28;38;49;52;58;59
2652;1;4;7;11;21;22;26;39;45;50
2653;4;10;12;13;23;24;35;47;55;59
2654;11;22;28;34;40;41;42;46;48;49
2655;6;7;25;26;27;36;40;44;47;59
2656;2;3;16;17;24;37;45;53;58;59
2657;1;4;8;12;13;20;33;45;48;57
2658;14;15;16;17;19;20;28;29;31;43
2659;7;13;15;19;22;35;39;42;43;57
2660;7;8;15;16;19;37;42;46;49;51
2661;3;14;16;25;26;28;29;43;57;60
2662;17;19;24;25;31;33;43;44;53;55
2663;2;4;15;21;23;26;34;37;42;49
2664;4;21;23;24;30;34;39;40;45;51
2665;3;6;12;26;30;33;35;40;44;53
2666;2;3;7;13;14;34;38;41;49;60
2667;4;17;26;28;37;39;48;50;53;55
2668;4;5;12;15;17;31;38;49;56;57
2669;3;10;19;34;41;42;52;55;57;58
2670;8;14;15;20;21;30;36;41;52;53
2671;2;23;25;31;35;36;41;43;56;59
2672;4;6;15;16;21;23;24;41;45;52
2673;8;13;16;18;22;30;36;42;46;49
2674;2;4;20;23;28;37;38;40;48;56
2675;2;9;24;33;36;38;39;42;46;55
2676;2;6;8;9;17;18;25;27;54;56
2677;3;4;7;8;14;24;25;37;49;54
2678;1;15;18;19;26;40;47;48;50;51
2679;9;22;25;30;36;37;42;43;44;49
2680;1;6;9;17;19;25;29;38;53;58
2681;2;5;9;16;25;27;33;39;41;60
2682;2;4;10;17;22;24;34;45;52;57
2683;8;11;14;16;18;36;41;44;46;54
2684;4;5;22;24;29;33;39;46;51;53
2685;12;22;24;37;39;45;47;57;58;60
2686;4;5;16;23;31;34;38;47;58;60
2687;4;7;10;11;13;18;40;51;52;60
2688;5;12;15;16;33;36;41;43;45;59
2689;6;7;8;9;10;17;19;32;39;44
2690;8;9;24;31;34;36;45;47;49;60
2691;1;7;8;27;34;40;45;53;54;55
2692;13;25;30;32;35;41;44;53;57;59
2693;2;5;7;9;25;33;36;48;52;58
2694;3;14;15;21;22;27;45;47;50;55
2695;6;10;11;15;19;38;41;52;56;58
2696;3;5;8;12;17;31;37;42;44;59
2697;13;24;28;40;43;47;52;53;54;59
2698;3;15;17;20;21;30;40;43;47;58
2699;1;6;12;15;21;22;24;25;28;48
2700;8;10;12;13;16;17;27;29;36;52
2701;2;11;14;22;26;46;50;51;53;55
2702;3;4;5;23;37;42;50;52;56;58
2703;20;25;29;34;36;43;44;47;55;57
2704;12;23;25;31;36;43;50;58;59;60
2705;7;8;14;21;25;30;39;40;43;54
2706;5;7;11;33;38;39;42;43;49;55
2707;3;4;16;28;29;35;36;46;50;55
2708;9;14;17;23;37;45;49;50;55;56
2709;4;5;9;19;22;26;31;43;47;59
2710;3;6;10;12;19;20;31;40;53;59
2711;4;7;14;21;29;30;40;44;55;56
2712;1;13;17;29;31;32;39;46;47;51
2713;5;17;24;30;41;45;53;55;57;59
2714;11;25;28;30;34;35;36;42;44;60
2715;5;15;16;18;26;30;34;44;45;60
2716;15;17;25;26;33;39;41;45;50;58
2717;12;20;23;30;31;32;37;39;48;59
2718;3;6;7;8;17;20;25;33;36;50
2719;11;14;21;33;38;40;44;50;51;54
2720;4;10;13;14;17;19;20;21;43;44
2721;2;4;10;19;24;36;37;40;45;54
2722;1;7;11;25;38;40;47;48;57;60
2723;7;18;28;32;37;39;49;52;54;55
2724;5;15;18;25;31;35;36;44;58;59
2725;1;2;5;9;14;19;23;26;48;49
2726;1;3;10;24;32;34;42;43;45;59
2727;1;4;9;19;30;34;45;48;55;57
2728;2;5;12;20;30;36;42;43;53;60
2729;3;10;15;18;24;31;39;41;51;59
2730;14;16;17;34;41;42;46;47;55;57
2731;5;11;16;20;23;38;44;47;55;57
2732;16;19;24;30;31;42;48;51;53;60
2733;8;11;13;28;29;41;42;51;57;58
2734;14;16;17;18;28;30;36;41;48;49
2735;2;4;19;26;34;43;44;48;49;50
2736;4;7;18;21;33;34;39;47;49;57
2737;2;4;7;14;19;24;31;43;50;51
2738;6;10;17;21;23;43;44;46;47;58
2739;2;8;11;12;13;32;35;45;52;57
2740;3;5;17;30;39;45;52;54;59;60
2741;1;5;12;16;19;21;23;26;55;58
2742;3;6;16;20;22;36;37;44;51;56
2743;1;20;29;33;35;42;47;49;56;60
2744;2;8;9;15;20;32;45;48;55;57
2745;12;15;16;17;25;32;35;40;56;57
2746;2;10;12;14;29;32;43;54;55;57
2747;11;36;39;40;46;48;51;52;54;58
2748;3;4;8;13;17;19;20;27;34;54
2749;3;9;17;19;27;40;45;47;48;55
2750;1;8;10;26;32;33;38;46;57;60
2751;5;21;24;25;33;35;41;43;44;48
2752;1;5;11;13;24;28;33;40;45;56
2753;3;12;14;18;29;33;34;37;44;48
2754;11;36;38;40;44;49;52;55;56;57
2755;2;3;4;18;19;21;41;43;45;56
2756;1;4;6;17;19;26;27;51;53;55
2757;7;13;18;22;23;32;42;45;48;55
2758;9;15;20;29;30;35;44;46;56;59
2759;6;21;26;37;47;49;52;54;56;59
2760;2;17;27;30;35;40;43;50;51;59
2761;5;8;9;11;12;30;33;34;54;55
2762;3;26;32;39;43;45;48;50;57;58
2763;9;10;11;24;25;27;32;37;55;56
2764;4;5;7;10;14;21;24;35;49;57
2765;10;12;13;18;25;31;36;37;40;57
2766;5;12;14;15;21;41;48;50;55;56
2767;11;14;15;25;29;36;40;49;55;58
2768;10;11;25;31;33;43;46;54;55;57
2769;2;6;7;15;29;33;41;51;59;60
2770;6;7;12;24;27;28;53;56;57;60
2771;14;16;18;32;37;38;42;44;59;60
2772;1;5;9;12;16;35;38;40;45;50
2773;1;8;14;18;19;23;34;51;53;59
2774;3;4;5;9;26;30;38;45;56;58
2775;21;23;24;27;29;31;35;52;57;59
2776;2;6;7;9;16;23;24;32;36;53
2777;5;6;7;12;16;22;29;50;51;59
2778;1;2;3;10;22;48;50;57;58;60
2779;2;12;24;25;36;47;48;51;55;56
2780;4;6;10;12;21;40;47;50;53;56
2781;2;5;7;8;11;23;24;25;30;47
2782;10;14;28;35;36;38;47;48;55;60
2783;5;10;14;15;25;27;38;50;57;58
2784;3;5;7;11;12;17;23;27;44;58
2785;4;9;20;27;31;47;53;56;57;59
2786;2;4;12;19;20;35;36;39;47;60
2787;2;4;13;18;20;22;31;50;54;58
2788;4;14;22;35;36;42;43;46;49;55
2789;5;11;15;37;39;44;46;48;50;53
2790;21;24;25;29;30;33;37;44;50;53
2791;11;12;13;15;29;38;52;53;56;60
2792;5;9;15;25;28;30;33;40;42;55
2793;3;4;10;17;19;32;36;47;54;57
2794;8;11;17;22;23;25;37;38;41;44
2795;1;5;25;26;38;39;42;57;59;60
2796;11;12;13;29;33;43;45;47;53;57
2797;14;16;17;19;22;23;37;39;42;44
2798;13;17;24;27;39;46;48;50;58;59
2799;13;15;32;37;44;46;49;51;53;55
2800;3;7;8;16;18;24;38;48;51;55
2801;4;27;29;34;38;41;42;46;51;55
2802;4;15;18;19;31;46;52;55;56;58
2803;10;11;13;35;38;41;52;53;55;56
2804;3;5;6;12;21;28;39;42;53;56
2805;1;4;7;13;16;19;30;32;40;58
2806;3;10;12;14;17;24;39;46;54;57
2807;3;11;13;15;17;25;39;47;59;60
2808;17;18;20;22;23;29;31;41;44;50
2809;3;5;14;16;18;25;33;46;54;55
2810;5;11;14;29;30;44;46;49;52;58
2811;2;5;9;24;27;36;43;44;49;58
2812;7;15;29;32;34;36;40;42;55;60
2813;14;17;18;26;29;30;31;36;38;58
2814;1;7;10;14;23;38;44;45;54;58
2815;14;23;24;26;31;32;49;50;55;60
2816;12;14;27;31;37;40;42;47;50;52
2817;1;4;5;11;21;22;30;42;51;60
2818;4;9;10;17;20;22;29;37;52;54
2819;7;14;15;23;29;30;37;40;44;50
2820;3;18;26;32;34;40;42;45;57;59
2821;1;20;24;30;31;51;52;56;58;59
2822;10;13;18;34;35;40;43;44;50;52
2823;2;3;13;26;31;32;34;35;48;59
2824;3;13;16;18;24;31;37;43;46;48
2825;6;8;13;15;20;40;42;47;48;54
2826;14;15;17;32;34;37;47;52;53;58
2827;1;4;18;37;38;43;44;47;58;60
2828;17;20;29;30;35;36;37;38;53;57
2829;8;9;22;24;27;39;42;52;55;57
2830;13;14;16;25;26;37;42;48;51;59
2831;14;16;18;22;29;33;37;39;44;52
2832;5;8;10;17;21;25;29;31;34;44
2833;2;12;21;24;30;31;38;45;46;51
2834;8;14;17;25;34;43;48;50;52;60
2835;3;5;8;17;23;39;44;50;57;60
2836;1;14;24;25;30;39;46;53;55;56
2837;13;18;19;21;22;47;50;52;55;57
2838;8;10;13;23;24;28;32;46;48;53
2839;1;3;5;6;11;14;20;34;36;37
2840;1;2;10;12;15;21;31;42;47;51
2841;1;2;3;5;7;10;18;26;28;38
2842;2;7;31;34;38;40;48;49;55;58
2843;2;18;19;20;25;28;32;44;52;58
2844;3;6;15;31;34;35;41;44;51;52
2845;4;17;20;31;38;40;41;44;45;56
2846;20;21;22;29;31;35;47;51;53;60
2847;2;14;15;22;44;45;47;55;56;60
2848;1;3;4;7;8;15;16;23;35;44
2849;1;14;19;23;24;25;28;29;51;52
2850;6;22;24;26;30;35;39;44;51;57
2851;3;19;39;41;42;44;48;51;55;60
2852;5;7;9;10;32;37;49;54;55;58
2853;7;9;19;22;23;24;30;35;51;55
2854;4;5;14;18;24;29;34;52;53;60
2855;5;14;15;21;28;35;47;49;58;60
2856;2;7;18;22;32;35;41;42;54;57
2857;2;6;8;19;22;24;30;34;35;36
2858;9;10;18;32;36;45;46;47;50;55
2859;8;11;15;18;26;29;33;46;55;56
2860;1;15;20;22;27;29;32;33;37;49
2861;3;7;10;38;39;40;44;49;52;53
2862;8;13;21;23;24;35;40;46;49;51
2863;5;12;16;22;25;26;31;35;47;51
2864;32;34;37;38;46;48;49;51;55;56
2865;13;14;23;28;29;32;40;50;56;59
2866;5;8;14;27;28;33;39;51;54;56
2867;3;5;6;11;13;18;21;25;26;48
2868;2;9;21;31;33;40;46;47;57;59
2869;3;17;20;21;35;39;43;44;49;54
2870;2;19;33;35;37;44;46;48;52;59
2871;2;9;24;27;35;37;46;48;49;56
2872;5;13;17;21;26;31;32;44;57;59
2873;3;8;9;11;30;37;38;40;43;52
2874;1;4;18;19;21;30;32;33;38;50
2875;1;2;12;15;18;20;30;45;52;55
2876;1;8;18;22;24;34;45;46;49;50
2877;2;3;14;20;22;27;30;40;43;49
2878;3;25;33;36;37;39;44;49;50;53
2879;2;7;9;12;20;28;32;44;48;57
2880;5;10;16;19;22;28;44;50;51;60
2881;7;11;14;18;31;37;47;49;50;57
2882;6;8;15;25;28;34;36;37;54;59
2883;2;17;22;24;26;36;40;52;55;57
2884;1;2;4;7;9;42;44;47;52;60
2885;1;6;9;11;16;26;31;35;38;46
2886;10;12;16;18;22;36;37;38;45;46
2887;7;9;14;15;23;26;31;32;51;56
2888;6;13;15;17;28;35;39;43;51;60
2889;5;14;34;37;39;41;44;51;52;54
2890;11;16;19;23;25;26;31;32;34;42
2891;2;12;14;17;18;24;44;45;54;59
2892;4;8;10;12;25;37;38;44;57;59
2893;3;20;22;24;29;34;43;50;53;58
2894;12;18;24;25;26;32;41;47;54;58
2895;3;7;8;11;16;17;23;28;37;60
2896;5;6;20;21;25;38;41;45;47;50
2897;2;4;6;9;14;28;36;38;39;48
2898;8;9;21;23;26;39;50;52;58;59
2899;6;7;25;29;32;44;49;55;56;60
2900;2;3;11;18;24;31;34;47;48;56
2901;1;18;24;26;40;42;43;45;48;56
2902;1;5;8;9;11;24;47;49;51;53
2903;1;3;6;7;21;27;30;35;44;60
2904;14;15;19;21;22;31;40;41;42;55
2905;12;15;16;18;36;42;44;47;49;53
2906;9;14;19;21;28;31;34;37;51;60
2907;4;5;8;10;12;35;39;40;45;51
2908;8;21;25;33;35;44;46;51;52;58
2909;5;11;17;23;33;41;54;57;59;60
2910;2;6;15;17;25;26;27;41;56;58
2911;6;24;26;28;30;32;38;46;53;59
2912;5;6;7;9;18;26;29;47;54;60
2913;3;6;10;13;31;39;42;44;49;53
2914;13;34;42;44;45;47;48;49;53;59
2915;6;8;16;21;25;26;46;49;51;60
2916;4;8;11;14;22;37;47;56;57;59
2917;7;10;22;23;25;31;44;46;52;58
2918;4;17;24;32;34;40;41;47;51;56
2919;1;4;10;20;26;28;31;40;49;51
2920;7;10;12;19;22;28;31;35;58;60
2921;6;10;12;17;22;30;31;36;39;53
2922;1;13;32;33;34;36;44;57;58;59
2923;3;5;12;29;46;47;48;53;57;59
2924;11;17;23;33;36;44;45;52;53;58
2925;5;7;11;17;18;24;29;38;53;54
2926;2;10;13;16;27;32;45;52;56;57
2927;4;8;19;23;32;36;45;50;58;60
2928;7;13;24;27;29;32;40;47;51;54
2929;10;14;20;23;24;42;43;47;51;60
2930;2;15;28;34;41;43;48;49;55;60
2931;2;14;19;31;40;43;47;53;55;58
2932;1;10;12;18;30;35;37;50;52;56
2933;3;5;15;31;37;40;42;46;50;60
2934;6;10;19;20;21;32;37;45;56;58
2935;4;11;16;20;25;28;32;35;48;49
2936;2;22;31;44;49;50;52;53;54;60
2937;12;14;20;27;30;46;47;53;55;57
2938;6;10;22;24;29;30;32;34;43;48
2939;1;2;14;19;21;35;45;46;48;59
2940;11;26;30;31;35;39;46;50;54;57
2941;6;20;23;28;36;42;49;52;54;58
2942;1;9;13;23;27;35;38;42;53;54
2943;6;12;17;19;21;28;29;33;50;55
2944;11;15;22;24;29;33;34;41;48;56
2945;11;16;21;25;26;34;36;51;56;60
2946;14;17;18;22;23;25;26;30;50;60
2947;7;13;19;20;35;42;45;48;51;53
2948;5;10;14;15;17;24;36;44;47;57
2949;3;12;14;15;29;35;38;39;42;59
2950;1;2;9;10;14;24;25;27;36;59
2951;5;7;13;35;37;38;41;49;56;57
2952;11;13;20;21;31;36;37;55;57;59
2953;3;8;9;13;16;18;22;32;41;51
2954;1;7;25;28;38;42;45;47;50;52
2955;6;16;22;24;28;36;50;51;58;60
2956;8;14;17;21;22;26;32;40;47;59
2957;4;14;19;21;24;26;36;39;50;52
2958;1;3;5;15;35;45;47;52;57;59
2959;6;8;11;28;31;41;46;51;55;58
2960;5;12;13;17;22;35;38;43;52;58
2961;1;11;13;24;33;35;42;44;51;58
2962;5;12;13;21;27;32;33;34;38;46
2963;4;13;19;20;21;31;37;43;49;53
2964;19;26;29;40;46;47;52;53;58;60
2965;1;6;17;22;36;41;45;49;52;59
2966;6;14;18;27;30;36;37;42;43;59
2967;3;8;18;19;22;33;35;45;50;59
2968;1;2;8;11;30;33;39;43;44;46
2969;2;6;12;14;18;28;31;33;52;54
2970;2;8;9;11;25;29;40;44;47;56
2971;1;2;12;15;20;35;38;48;54;57
2972;6;9;11;18;22;31;40;47;55;59
2973;1;22;26;34;46;50;52;55;58;59
2974;5;9;19;21;25;32;35;38;51;58
2975;5;8;19;22;39;42;43;48;55;56
2976;2;3;6;12;24;30;31;38;48;51
2977;2;10;15;17;22;32;43;50;53;58
2978;3;8;9;12;15;30;32;38;40;52
2979;2;3;19;21;26;43;47;48;51;54
2980;5;7;11;16;32;34;35;42;43;49
2981;7;12;19;28;32;33;35;41;46;50
2982;4;22;23;30;36;40;41;49;55;57
2983;14;15;23;26;28;37;48;51;55;59
2984;2;8;9;21;22;25;37;38;56;59
2985;2;5;14;24;27;29;50;55;57;60
2986;3;5;10;20;23;33;37;43;51;53
2987;2;3;6;12;13;39;46;50;51;60
2988;10;17;18;19;29;30;32;36;43;46
2989;6;10;13;14;21;23;24;30;39;58
2990;7;9;12;22;25;26;29;36;43;44
2991;1;9;13;19;21;25;34;41;46;59
2992;1;2;12;23;28;30;38;41;55;59
2993;14;22;27;37;41;42;45;53;54;58
2994;3;22;25;31;47;49;50;51;54;58
2995;3;5;11;16;17;23;35;36;40;43
2996;7;8;9;11;25;35;41;54;58;59
2997;4;10;22;24;27;33;39;43;46;55
2998;1;22;24;25;28;35;43;48;49;59
2999;21;25;30;32;38;41;45;46;49;54
3000;18;22;31;33;41;43;45;51;54;60
