CARTON 1;A1;A2;A3;A4;A5;A6;A7;A8;A9;A10;B1;B2;B3;B4;B5;B6;B7;B8;B9;B10;C1;C2;C3;C4;C5;C6;C7;C8;C9;C10;CARTON 2;D1;D2;D3;D4;D5;D6;D7;D8;D9;D10;E1;E2;E3;E4;E5;E6;E7;E8;E9;E10;F1;F2;F3;F4;F5;F6;F7;F8;F9;F10
0001;5;19;23;25;28;31;32;50;58;60;12;15;24;26;29;34;40;41;46;52;8;15;17;18;22;33;34;36;51;57;0501;21;31;33;36;40;45;47;53;56;59;6;11;13;14;19;20;25;47;54;55;1;6;13;16;23;35;36;37;44;45
0002;4;6;10;12;34;35;39;50;53;59;9;13;14;15;16;25;26;38;48;49;3;5;18;20;23;27;43;45;49;52;0502;9;10;12;16;19;26;27;33;41;42;6;17;20;27;30;41;45;46;57;59;2;3;10;14;22;27;31;38;43;49
0003;2;3;10;13;14;15;20;30;44;50;22;24;26;29;41;43;51;52;55;60;1;3;19;27;30;32;38;39;46;48;0503;2;14;22;25;27;34;37;41;47;54;3;6;11;12;17;18;29;32;40;52;5;10;12;14;21;30;33;36;46;50
0004;12;15;19;23;34;41;45;48;56;57;4;7;10;12;22;24;25;32;40;53;3;6;10;13;24;27;39;40;44;58;0504;1;3;12;22;24;30;46;52;56;58;10;11;23;33;39;42;43;47;51;57;8;14;26;29;31;41;42;43;45;51
0005;7;9;12;13;14;16;17;22;25;48;4;18;21;25;28;31;39;52;53;54;4;9;11;18;22;23;31;52;57;59;0505;1;6;8;11;14;25;31;53;59;60;3;12;19;20;21;22;36;37;40;48;3;5;15;24;34;36;41;47;58;60
0006;10;11;13;18;19;23;26;40;41;42;3;14;16;30;33;40;46;48;53;58;1;3;5;37;39;41;47;48;50;55;0506;9;10;11;13;14;16;31;38;45;54;4;18;19;22;23;28;32;38;51;57;11;13;15;35;37;40;41;50;54;60
0007;6;8;10;12;20;29;45;46;49;54;10;17;22;31;42;44;45;49;52;59;8;12;15;24;27;33;38;40;51;59;0507;3;4;12;14;28;33;42;53;59;60;1;3;7;11;14;15;17;25;28;34;9;11;17;26;29;30;37;45;49;55
0008;3;13;14;28;37;39;47;48;51;52;18;25;26;28;29;34;39;42;53;58;3;17;25;27;33;34;36;48;51;54;0508;2;3;7;13;15;18;23;38;40;51;3;12;25;28;30;36;38;50;56;59;10;11;14;17;19;21;24;30;42;43
0009;10;14;17;20;30;38;41;51;54;55;4;14;15;16;22;37;38;51;56;57;8;13;15;25;27;28;31;46;51;53;0509;8;12;19;29;30;44;45;52;54;58;1;8;10;15;23;25;33;38;39;48;2;6;9;18;20;35;40;46;47;53
0010;4;10;11;18;27;32;40;44;48;53;9;17;21;27;28;32;55;56;57;59;6;10;11;13;14;15;21;44;52;54;0510;4;5;13;22;24;33;43;45;57;59;1;2;5;13;14;29;30;33;40;41;3;14;18;22;24;38;46;52;54;56
0011;4;12;25;26;37;38;46;55;56;58;11;16;18;21;23;24;26;27;44;50;13;17;18;22;23;42;48;51;57;60;0511;6;8;17;18;19;24;40;46;48;56;1;6;14;26;29;35;40;42;43;47;6;19;29;35;40;41;44;48;51;57
0012;3;6;8;9;10;17;19;39;55;56;6;11;23;26;28;29;30;55;56;59;1;9;12;14;19;30;32;35;38;40;0512;7;10;13;18;28;50;51;55;56;59;5;12;16;24;38;39;49;51;54;60;6;11;23;24;26;29;35;49;53;54
0013;7;9;24;27;30;32;43;45;50;51;7;14;22;28;35;45;46;50;51;54;5;10;13;16;21;30;32;45;50;56;0513;5;6;9;19;33;35;43;51;56;58;8;16;21;22;23;36;51;55;58;60;2;7;18;21;26;27;41;51;56;59
0014;1;6;8;11;14;16;37;38;44;50;4;6;25;27;29;33;38;41;48;57;3;9;11;20;23;28;31;39;40;49;0514;4;7;20;22;24;25;29;40;48;54;4;8;11;15;24;29;30;43;50;53;6;7;18;25;32;41;42;53;56;58
0015;2;5;9;14;22;26;36;41;42;56;2;29;32;38;41;48;49;52;55;56;9;13;20;25;30;32;41;47;57;60;0515;7;10;11;24;31;45;47;52;55;57;7;17;28;31;36;37;42;46;53;55;7;16;17;21;29;40;48;49;50;55
0016;9;11;15;17;26;31;43;44;48;56;2;10;13;14;15;18;29;33;34;50;8;20;23;27;33;36;45;47;55;59;0516;12;14;15;21;37;40;47;51;53;56;10;21;26;40;45;46;48;50;59;60;2;6;18;21;32;35;37;43;47;52
0017;2;6;11;18;25;26;31;35;54;57;1;4;6;10;11;17;34;43;48;60;16;17;18;24;28;29;32;43;44;60;0517;18;29;30;33;40;44;51;52;57;60;1;9;11;22;29;36;40;45;52;60;1;4;5;13;15;18;28;37;57;59
0018;5;7;11;13;20;28;36;43;44;54;2;3;5;24;26;35;43;46;47;49;1;2;4;8;12;13;14;15;28;54;0518;1;4;16;29;31;34;37;56;58;59;1;6;22;29;33;36;49;51;55;58;1;2;9;16;20;21;24;35;53;57
0019;1;3;26;33;35;42;43;48;52;58;6;10;21;22;27;33;36;39;54;55;1;10;13;17;19;24;29;36;39;56;0519;9;13;16;19;21;36;45;53;54;56;7;8;9;13;17;33;37;44;46;50;3;15;26;37;43;44;45;46;51;56
0020;5;18;22;25;26;30;41;54;56;60;3;5;12;22;23;24;33;34;35;46;8;9;23;24;42;44;55;56;58;60;0520;10;12;17;18;20;25;30;38;56;58;5;10;13;39;43;52;56;57;58;59;5;15;19;22;27;33;37;42;51;57
0021;2;10;28;32;43;44;48;51;58;60;1;3;5;13;15;23;36;37;56;57;6;10;24;32;42;43;51;54;58;59;0521;4;7;11;18;20;31;32;48;49;59;1;3;4;5;6;8;15;40;41;57;5;9;13;20;30;33;37;51;52;55
0022;2;3;13;22;27;31;32;40;46;60;2;7;9;11;17;22;24;30;37;58;2;3;18;23;24;27;29;31;32;42;0522;9;12;17;27;43;44;50;56;58;59;4;12;23;32;33;34;47;49;52;59;9;13;14;19;21;26;55;56;59;60
0023;1;2;16;17;19;31;32;45;46;55;5;25;27;39;43;45;47;49;54;59;3;6;20;23;24;25;35;37;59;60;0523;3;6;11;24;33;38;39;50;51;56;2;7;15;26;31;35;47;48;53;54;2;10;16;26;30;32;40;41;45;55
0024;1;3;4;7;9;12;27;40;44;57;2;8;17;18;29;31;33;34;37;40;14;29;37;39;46;49;53;55;57;58;0524;7;17;23;26;43;46;50;55;56;57;4;6;9;17;18;27;36;43;54;60;8;10;15;22;23;33;42;49;52;55
0025;9;10;11;16;17;27;31;39;44;55;4;6;8;14;22;23;39;50;51;59;11;17;18;24;31;34;36;52;59;60;0525;2;11;31;37;41;45;46;55;56;57;6;9;11;24;25;27;28;32;40;50;2;13;18;19;27;29;33;41;48;55
0026;1;4;6;14;17;26;34;45;53;54;5;13;15;18;20;29;31;34;50;51;9;12;20;22;23;33;36;48;49;53;0526;3;4;12;20;26;40;44;48;49;51;4;5;16;27;28;31;36;39;40;60;3;4;9;12;16;19;26;42;51;56
0027;7;9;10;26;28;40;43;44;45;56;4;5;10;22;27;29;35;40;43;49;3;4;9;15;26;28;31;35;40;56;0527;17;24;27;29;31;35;45;47;51;55;3;8;12;23;24;26;31;33;41;52;6;10;17;26;34;36;38;40;51;55
0028;3;4;7;9;21;26;30;34;38;48;6;7;8;9;13;14;23;40;47;49;3;5;13;19;26;27;29;40;45;50;0528;16;17;19;20;24;29;39;40;42;45;8;11;12;18;21;22;24;27;29;42;2;16;20;26;32;40;44;48;50;55
0029;1;3;6;9;15;17;24;39;42;47;3;8;11;12;25;26;32;40;43;50;10;11;13;25;37;46;51;54;55;60;0529;7;18;22;32;34;36;37;44;48;55;4;5;8;10;13;20;21;39;45;58;8;14;18;27;43;45;46;50;51;53
0030;6;14;15;23;32;35;37;38;39;54;7;11;12;18;28;38;40;45;59;60;5;32;36;38;43;44;51;53;56;57;0530;5;6;20;22;25;26;27;35;46;50;6;25;33;38;44;47;49;51;53;59;3;7;10;29;41;44;54;55;57;59
0031;4;11;14;24;30;33;45;47;50;58;6;8;9;11;15;22;32;49;50;59;1;5;17;23;26;27;28;29;41;49;0531;9;14;18;22;27;28;30;34;44;45;4;20;24;32;43;44;51;56;57;59;4;9;12;16;26;34;38;42;58;60
0032;1;11;21;26;28;36;42;54;57;58;9;17;18;22;25;30;37;40;42;44;2;3;13;21;26;27;39;40;58;59;0532;9;10;16;21;27;29;30;32;49;54;13;16;17;22;28;30;33;34;51;60;9;11;14;29;31;38;46;51;56;58
0033;4;9;12;15;18;21;36;37;46;60;8;21;23;28;39;43;48;50;52;54;3;5;13;15;38;39;40;55;59;60;0533;7;8;16;21;29;33;43;45;53;59;3;5;8;11;13;16;23;38;45;54;6;9;18;25;35;37;38;49;51;57
0034;3;16;28;32;40;46;48;50;57;58;4;5;14;21;23;24;31;41;51;53;4;8;12;31;34;35;37;53;56;59;0534;2;8;10;16;23;30;32;36;46;60;4;5;10;12;13;14;18;41;43;48;10;11;17;18;23;24;27;29;32;44
0035;8;13;15;17;22;29;38;45;55;58;5;12;13;22;32;34;39;42;49;55;4;16;20;22;27;34;36;50;54;55;0535;1;3;6;10;12;40;42;47;49;60;2;16;18;21;33;43;44;49;50;56;6;9;16;22;27;31;35;43;44;48
0036;2;7;16;23;27;38;40;41;45;58;24;29;33;34;35;37;46;47;51;53;2;15;19;29;36;42;47;50;51;53;0536;9;14;16;17;21;24;26;27;51;56;6;7;8;11;21;25;28;40;43;47;13;18;31;38;42;48;50;51;53;56
0037;1;7;19;23;27;35;37;49;53;59;2;6;9;13;14;39;40;43;51;58;15;16;17;29;39;41;43;54;58;60;0537;6;12;21;27;28;29;30;31;40;45;4;13;15;20;25;33;38;50;51;58;3;7;11;20;21;24;28;29;35;56
0038;12;24;33;36;39;40;41;47;55;59;4;6;7;15;20;29;35;37;43;59;6;7;11;12;28;37;46;50;54;56;0538;22;27;28;29;33;39;41;47;51;54;5;6;8;16;31;36;49;51;55;56;13;14;17;20;23;33;48;55;56;58
0039;2;4;9;15;23;35;40;47;53;59;18;31;33;34;45;46;52;55;59;60;6;11;13;21;43;47;49;53;57;58;0539;2;4;7;11;13;30;34;39;51;53;10;11;15;22;23;24;43;50;51;58;3;4;9;17;18;34;35;44;48;54
0040;9;13;21;26;27;39;45;47;50;51;1;10;23;33;38;44;50;54;55;56;5;9;14;16;21;28;43;44;53;54;0540;4;7;10;11;13;29;33;42;57;59;23;27;28;29;44;47;48;55;56;59;1;6;8;28;31;32;35;41;45;59
0041;5;12;14;27;28;32;33;38;42;53;9;11;17;24;33;41;43;48;50;56;3;14;19;27;29;43;46;50;51;56;0541;4;6;7;16;26;28;29;31;48;50;9;14;25;27;33;36;51;52;53;60;7;9;10;16;20;25;35;44;53;57
0042;1;5;27;32;39;41;48;50;51;60;1;18;22;23;24;26;34;44;48;53;3;5;8;14;15;21;28;35;38;41;0542;3;4;9;16;31;34;38;44;51;54;6;8;11;30;34;38;40;45;47;56;6;12;20;24;25;30;34;35;47;59
0043;15;18;22;33;35;48;53;56;58;59;1;13;19;27;37;40;46;49;53;54;6;14;17;18;29;41;44;48;54;60;0543;2;10;14;31;34;36;47;50;54;60;6;9;16;30;31;33;35;47;53;57;1;6;15;19;28;29;33;40;44;51
0044;10;11;22;23;24;25;26;28;32;44;3;4;9;17;29;55;56;57;59;60;1;2;11;13;17;19;22;44;47;53;0544;12;13;14;23;25;36;40;45;50;58;12;21;28;31;37;43;44;46;57;60;3;9;10;24;39;45;48;54;56;60
0045;2;3;14;18;25;32;35;39;42;57;2;5;6;9;16;26;32;38;47;60;2;9;12;32;37;38;39;43;45;48;0545;3;11;25;30;38;48;49;52;53;59;15;19;27;32;40;44;47;48;50;56;5;10;17;23;28;38;43;47;48;49
0046;5;6;7;12;15;33;34;40;46;55;7;10;15;18;24;26;47;49;51;56;7;8;11;12;17;34;35;37;38;47;0546;5;7;9;33;38;39;43;51;54;58;2;3;7;8;14;19;35;36;37;46;1;2;4;5;12;26;28;33;53;59
0047;4;10;11;15;25;35;43;48;49;51;4;8;9;16;19;20;23;36;49;60;2;4;9;19;22;24;35;40;46;49;0547;4;10;30;35;44;45;46;54;57;60;2;5;10;12;18;26;29;35;41;54;5;9;13;17;20;29;39;46;49;58
0048;6;8;18;19;21;32;34;43;45;54;3;22;33;34;36;37;48;52;56;58;10;16;24;25;27;29;31;49;55;60;0548;6;7;14;19;24;33;39;47;51;60;3;11;23;31;38;42;46;53;54;60;1;28;31;33;38;46;51;54;55;58
0049;11;15;18;25;38;41;42;44;50;55;1;3;18;19;20;22;26;47;55;59;6;14;16;22;32;33;34;35;36;45;0549;9;13;18;19;30;34;50;51;55;56;8;11;18;25;26;39;44;48;51;55;1;4;28;31;36;38;39;48;49;55
0050;1;5;8;21;33;37;38;39;52;54;1;18;20;27;29;35;42;47;55;60;11;19;34;36;42;45;46;49;50;58;0550;18;19;26;29;35;39;40;47;49;53;11;12;35;36;37;48;49;50;51;56;4;9;21;31;36;40;45;55;58;59
0051;15;22;34;40;49;53;55;56;58;60;3;10;13;18;21;35;45;48;51;58;4;10;12;24;33;34;51;52;56;59;0551;10;13;23;24;34;39;41;43;54;57;7;12;21;22;26;36;40;44;48;50;1;2;10;14;17;22;23;34;53;59
0052;1;2;7;9;12;16;22;23;39;55;11;13;21;24;27;31;37;40;44;55;4;16;18;24;38;39;51;52;54;58;0552;3;9;12;16;35;36;39;47;49;55;4;10;20;22;23;27;34;44;46;50;12;14;15;21;31;34;48;49;53;56
0053;8;10;14;19;21;24;44;51;55;59;3;9;25;27;28;34;48;55;56;60;2;17;29;30;38;45;48;53;57;60;0553;9;12;14;15;21;25;35;36;46;55;4;7;11;19;20;31;34;50;53;54;4;11;17;18;21;33;36;40;44;51
0054;4;10;28;30;32;34;42;51;52;56;13;19;22;44;45;49;53;55;57;59;7;10;19;20;24;25;26;38;40;46;0554;3;19;24;25;27;28;31;33;42;56;11;15;18;39;47;49;53;57;59;60;1;5;13;16;20;26;42;51;54;59
0055;2;9;15;18;19;20;28;34;50;56;4;5;19;22;28;32;36;48;49;58;8;11;13;16;18;31;45;46;55;58;0555;14;16;17;24;25;36;43;45;49;52;4;15;20;23;24;28;49;55;57;60;1;25;35;39;42;44;47;48;57;58
0056;7;8;22;36;38;41;43;47;54;56;11;12;19;22;29;35;38;44;45;52;11;13;16;23;26;33;34;37;42;52;0556;1;2;20;22;23;24;27;36;59;60;1;3;7;8;9;28;30;39;41;42;2;13;14;17;20;21;25;29;48;57
0057;11;15;21;37;43;44;48;49;59;60;1;3;5;22;38;41;51;53;55;57;2;13;15;25;26;31;42;48;50;60;0557;1;10;12;22;26;30;33;44;52;56;4;17;22;23;27;36;52;55;56;59;5;16;17;18;36;38;40;48;49;58
0058;8;10;11;13;31;38;43;48;51;53;7;12;15;24;31;37;42;43;47;49;8;9;13;25;27;35;49;56;58;60;0558;2;3;12;17;35;36;46;52;55;57;11;16;17;21;29;36;46;52;53;59;4;8;13;15;20;32;47;52;55;59
0059;2;5;7;12;26;38;39;45;49;54;1;7;9;11;21;22;34;39;59;60;2;10;25;32;37;38;44;45;56;57;0559;2;4;12;14;20;36;41;52;53;56;14;17;19;24;36;42;45;50;54;60;9;10;13;23;26;34;36;46;52;56
0060;25;27;32;34;40;41;48;50;54;57;10;14;21;27;28;36;41;44;50;60;11;19;22;27;35;36;42;45;53;56;0560;1;15;16;24;27;33;46;49;50;54;7;13;19;20;21;25;30;32;37;51;4;5;12;17;29;32;45;46;47;49
0061;15;19;26;33;43;44;47;51;57;58;4;5;9;25;31;38;42;46;47;59;25;26;27;36;41;43;45;49;50;56;0561;1;12;17;23;24;29;39;43;48;52;5;10;21;22;36;44;49;50;55;58;4;6;13;14;39;41;52;53;58;60
0062;3;4;8;13;24;27;32;34;58;59;15;24;34;44;48;49;50;55;58;59;8;17;28;37;41;43;46;48;56;60;0562;5;7;17;34;36;47;49;53;57;60;3;6;13;16;19;22;36;43;49;54;12;17;23;25;26;30;38;40;55;56
0063;1;12;14;19;22;34;42;44;49;57;6;9;10;14;21;25;27;28;29;40;10;14;15;18;19;32;44;45;48;57;0563;1;2;8;14;23;28;34;41;51;60;2;9;17;24;36;43;52;55;59;60;2;8;12;16;18;20;36;42;50;55
0064;3;4;7;8;13;16;20;28;52;60;1;4;13;20;24;28;32;39;46;58;17;19;21;27;32;33;38;42;58;60;0564;4;5;8;10;17;25;29;40;46;54;1;14;16;36;38;45;49;52;53;57;1;2;3;4;13;14;27;38;42;58
0065;6;8;10;12;17;25;26;28;40;58;8;10;11;22;28;30;31;35;38;47;3;6;19;21;25;29;37;43;46;59;0565;1;3;9;26;32;38;50;51;52;55;3;16;19;22;23;35;36;41;44;54;6;12;13;14;37;40;42;43;50;51
0066;4;13;14;27;35;40;41;42;47;48;13;14;22;28;43;45;47;53;57;60;6;19;22;23;30;38;41;56;57;60;0566;4;5;6;12;14;16;26;48;55;57;1;2;3;17;29;35;36;40;57;59;4;7;32;34;37;41;49;53;54;58
0067;2;4;5;13;16;17;30;44;46;53;3;5;16;23;30;39;43;47;58;59;6;18;27;30;32;36;40;43;44;60;0567;4;7;8;11;30;38;40;46;58;59;3;4;6;12;25;30;39;54;58;60;5;19;26;37;39;40;41;42;43;44
0068;9;11;15;18;34;37;40;47;57;60;5;8;9;21;24;27;30;33;42;48;6;13;14;19;20;36;37;42;44;52;0568;1;5;13;14;17;21;26;38;42;49;15;17;23;27;35;38;49;50;52;59;7;12;15;23;28;42;53;56;59;60
0069;6;9;10;20;25;26;30;50;59;60;8;16;21;24;38;42;43;45;52;60;1;3;8;15;17;21;32;38;39;56;0569;5;12;14;24;30;33;37;48;53;54;7;8;14;18;28;33;34;35;43;46;2;5;21;22;27;28;37;42;46;49
0070;7;9;16;18;19;26;35;47;48;52;1;10;13;14;27;29;45;49;59;60;16;19;21;25;32;38;43;48;55;56;0570;1;4;12;14;15;17;21;23;36;46;4;10;11;18;28;30;36;39;40;42;8;17;18;24;35;38;40;42;46;51
0071;7;16;19;37;39;40;46;54;55;60;6;14;19;24;25;31;33;39;48;53;5;10;16;36;37;39;45;48;58;59;0571;8;18;19;29;31;33;38;39;41;60;10;11;12;19;23;34;35;41;47;52;4;5;11;20;25;27;43;44;52;53
0072;5;14;16;18;25;34;41;44;46;56;2;6;15;18;19;26;28;46;49;56;6;17;22;24;27;31;32;46;48;49;0572;4;5;7;24;25;28;35;39;40;41;1;10;11;22;26;35;41;47;48;55;2;12;23;25;32;38;39;43;50;59
0073;8;16;17;23;28;29;32;48;51;58;8;19;24;26;31;35;42;52;56;58;2;13;16;21;24;25;26;37;49;60;0573;3;13;24;28;36;38;41;45;55;58;2;22;30;35;45;51;53;56;57;59;9;16;23;27;28;46;48;51;58;60
0074;6;19;26;31;34;38;41;45;49;57;19;26;28;30;35;41;44;52;53;60;8;12;15;21;31;38;40;46;48;53;0574;14;20;21;22;23;31;39;43;49;52;3;18;22;23;36;45;46;49;53;60;5;14;17;19;22;24;30;38;40;56
0075;14;17;23;27;36;39;41;44;45;51;1;12;14;17;20;24;38;56;57;59;2;11;17;34;38;42;44;47;48;58;0575;6;11;12;19;29;44;45;47;50;53;5;9;11;21;30;31;33;42;48;51;6;9;23;28;36;40;47;49;53;57
0076;1;6;19;20;44;45;48;54;56;58;4;14;17;31;32;33;38;42;46;54;1;5;6;8;27;33;42;43;44;56;0576;2;3;10;14;29;36;49;51;53;59;2;9;14;17;28;29;32;34;42;53;5;21;22;30;31;35;37;43;44;46
0077;4;6;9;16;24;31;46;47;51;59;1;3;15;26;30;37;40;43;55;57;16;18;20;23;41;44;46;49;54;57;0577;3;7;8;18;27;32;44;47;50;52;1;4;9;19;22;23;27;41;51;53;7;13;15;23;26;37;38;45;48;60
0078;1;11;29;30;39;41;42;56;57;58;5;11;18;25;42;46;54;55;57;59;3;7;10;31;33;47;49;53;56;59;0578;3;10;16;21;22;25;27;38;43;50;9;10;19;27;29;35;36;39;45;48;15;17;22;26;30;36;39;45;50;51
0079;7;27;29;33;34;41;44;47;48;59;3;5;9;18;20;28;31;37;39;58;1;4;18;27;36;39;42;46;56;59;0579;7;10;11;20;23;36;43;46;47;60;3;16;20;22;34;36;45;55;57;59;10;17;25;30;33;44;47;48;53;55
0080;2;8;10;18;26;31;38;44;52;59;5;15;26;33;34;47;50;52;54;56;1;2;18;38;39;44;45;50;51;60;0580;27;33;36;37;41;49;53;54;55;56;2;7;9;13;16;33;34;44;49;55;11;19;31;36;41;42;43;53;56;60
0081;4;6;8;10;11;20;22;39;55;56;1;7;13;25;27;33;34;41;44;55;7;11;13;17;36;46;51;52;54;59;0581;4;12;18;27;28;29;44;48;50;56;1;8;15;19;23;26;30;31;37;47;2;9;16;22;25;31;38;49;53;54
0082;9;11;16;21;27;35;36;37;41;44;1;11;13;16;17;24;34;38;56;60;9;17;24;36;38;47;51;54;55;60;0582;2;4;16;32;35;36;37;47;51;53;10;12;21;23;25;33;42;51;57;60;5;8;16;22;29;30;32;46;54;58
0083;8;13;19;24;26;35;43;48;52;55;1;5;9;24;26;30;36;54;58;59;5;9;18;20;22;24;29;40;47;49;0583;17;20;23;27;29;31;36;37;40;56;3;8;13;20;24;28;31;34;38;47;2;4;10;13;15;24;28;34;50;56
0084;5;6;8;10;17;18;23;40;41;54;1;4;5;12;26;32;37;50;51;58;8;12;14;30;34;41;42;45;52;53;0584;6;10;16;22;24;30;35;36;53;54;1;12;17;18;19;35;42;46;52;56;3;6;14;30;36;46;48;55;59;60
0085;6;7;8;11;15;25;36;39;48;59;2;3;11;13;20;35;40;51;53;57;1;7;14;18;22;25;26;34;35;50;0585;9;21;25;27;37;40;44;46;48;56;10;19;22;25;43;45;47;50;54;58;5;7;14;16;27;33;35;50;55;59
0086;7;11;21;23;36;40;45;47;49;56;4;6;9;11;16;32;33;34;58;60;1;4;6;8;9;19;31;34;48;55;0586;11;12;25;26;34;43;44;50;54;56;11;18;23;24;31;34;38;42;56;58;5;14;15;18;19;21;27;29;56;57
0087;5;7;8;10;11;17;36;47;50;57;2;3;6;7;12;16;21;27;44;59;1;4;18;23;35;36;39;43;45;48;0587;1;15;16;26;28;29;39;44;52;59;5;12;15;19;31;34;41;46;53;54;2;7;12;14;15;17;20;41;48;51
0088;2;8;12;21;36;41;43;46;49;59;7;12;14;15;21;29;31;38;43;57;1;13;19;27;36;38;44;45;47;54;0588;2;5;9;22;32;35;45;47;52;58;12;14;17;18;29;34;48;53;57;60;4;5;8;9;12;15;20;30;46;48
0089;1;4;17;27;29;41;44;48;54;57;5;14;17;23;29;37;43;49;52;58;1;3;21;28;29;39;42;49;58;60;0589;3;6;13;20;23;30;35;48;49;54;21;23;24;33;36;38;39;44;52;55;5;8;9;15;33;44;45;47;49;52
0090;5;8;15;21;26;34;35;36;56;58;16;24;26;35;36;37;38;39;52;59;12;15;24;28;32;35;38;46;47;49;0590;1;15;18;32;34;37;41;49;50;52;2;4;8;11;12;17;38;44;45;53;6;10;17;18;21;36;39;46;55;56
0091;5;6;7;9;31;35;42;45;52;56;8;13;25;31;33;34;35;42;47;57;3;15;27;31;32;38;41;48;49;51;0591;2;6;13;17;21;23;26;38;46;57;5;8;21;24;29;36;38;43;47;50;6;15;17;22;30;31;42;44;48;53
0092;10;24;33;37;38;44;46;48;51;55;11;12;19;21;27;28;35;44;51;54;5;7;11;18;25;30;34;41;45;46;0592;18;24;25;34;40;44;48;49;52;56;3;5;8;9;12;14;29;52;57;58;6;10;13;14;30;38;43;44;52;53
0093;7;9;18;32;42;46;49;52;53;54;7;12;13;32;35;40;44;46;55;58;3;5;9;14;27;35;47;48;55;56;0593;13;18;21;23;34;42;46;52;57;58;1;3;4;7;8;38;39;41;42;59;5;7;8;19;22;23;28;41;43;54
0094;4;7;20;39;40;45;52;53;58;60;2;4;8;23;30;31;33;42;53;58;1;5;13;15;23;26;27;31;49;60;0594;3;6;16;19;21;24;27;37;44;48;2;5;17;22;28;36;38;48;49;58;9;17;20;27;31;41;43;47;54;56
0095;7;8;14;16;36;37;40;46;49;50;4;6;9;11;23;33;37;52;56;58;8;17;22;42;45;49;50;51;52;55;0595;2;18;20;22;29;30;36;39;43;60;1;3;5;10;12;27;48;57;58;60;4;13;18;27;33;36;37;41;46;60
0096;5;16;18;24;26;28;40;41;49;57;10;19;27;31;39;41;45;50;55;56;7;13;16;23;30;36;44;47;53;54;0596;6;12;18;28;34;37;38;46;50;55;1;5;9;15;29;32;34;42;54;56;3;22;24;25;28;39;54;58;59;60
0097;3;5;6;11;18;29;33;34;37;41;8;17;19;23;25;26;28;36;39;52;6;10;21;30;49;50;53;55;57;60;0597;3;12;14;20;32;41;42;49;55;56;2;3;12;19;21;22;25;29;36;60;6;11;14;18;27;34;38;50;51;58
0098;3;7;8;11;25;27;29;36;42;53;3;6;10;13;34;35;39;41;54;57;12;14;18;23;24;29;35;37;54;57;0598;5;7;8;12;19;40;42;49;52;54;3;7;29;31;35;44;48;54;56;60;18;21;27;30;32;34;40;43;52;60
0099;8;10;18;19;31;35;46;50;54;55;2;8;15;18;21;22;23;27;54;58;4;14;16;20;21;23;33;44;49;55;0599;3;4;9;15;24;29;32;35;38;50;8;16;23;26;40;47;50;53;54;60;7;11;12;13;17;27;29;39;40;53
0100;8;9;12;22;23;26;27;31;50;59;3;10;17;26;27;28;34;42;43;59;6;7;12;24;29;43;44;46;51;54;0600;7;11;27;29;43;49;52;53;58;60;3;6;13;28;29;42;45;48;50;54;1;5;6;13;19;23;35;38;44;48
0101;2;9;12;13;20;31;33;37;56;57;1;2;23;27;30;34;38;50;54;55;18;21;27;36;37;44;45;46;51;54;0601;6;16;21;33;36;40;48;53;54;60;9;19;26;31;35;38;52;54;55;56;5;7;8;15;24;31;35;51;53;57
0102;3;12;21;22;24;26;32;37;43;59;11;12;18;19;21;27;31;45;48;53;8;11;25;36;37;38;40;50;53;54;0602;9;17;18;23;26;28;32;36;43;48;8;9;23;30;35;40;47;50;53;60;3;5;20;26;27;34;40;41;47;56
0103;12;15;21;27;31;36;42;47;48;55;1;7;9;13;17;23;26;32;45;60;1;3;10;12;13;26;29;30;33;53;0603;17;23;27;37;42;44;46;49;50;52;2;20;26;34;35;41;47;49;56;60;13;15;18;20;24;26;29;37;48;58
0104;4;5;12;13;16;30;32;38;47;51;19;21;33;34;40;46;47;50;54;56;3;4;5;6;8;11;13;31;32;42;0604;5;6;14;16;18;24;32;38;49;53;13;15;21;23;26;44;47;51;53;58;1;5;8;28;36;37;39;45;50;58
0105;6;8;13;20;22;28;37;44;54;58;3;6;9;17;27;34;39;41;56;57;2;6;21;28;32;38;49;52;56;57;0605;10;21;25;32;34;37;39;46;51;57;4;5;9;15;18;21;26;29;35;56;3;4;8;21;24;32;36;38;39;40
0106;1;3;5;6;8;11;20;22;38;41;10;17;18;23;26;31;35;40;41;48;5;16;19;30;36;37;43;47;50;58;0606;7;10;14;18;22;25;26;35;42;54;2;13;15;20;33;37;44;52;54;57;3;9;12;22;24;25;26;36;52;57
0107;4;13;16;21;28;34;40;46;47;60;5;20;23;34;45;48;51;53;56;58;1;6;10;13;16;27;36;49;53;55;0607;10;15;23;29;33;35;40;44;57;58;1;6;9;10;18;19;25;36;47;53;1;3;12;13;21;31;35;42;53;59
0108;11;19;20;22;33;35;44;48;55;59;4;9;22;27;32;42;46;48;49;56;9;13;19;31;35;36;38;48;53;56;0608;10;13;14;24;28;32;33;37;40;47;2;11;14;17;20;22;27;28;30;36;3;11;12;19;24;31;33;35;41;44
0109;2;3;5;10;14;37;41;47;51;56;15;19;21;37;44;47;51;55;58;60;3;9;23;26;31;32;35;36;45;51;0609;2;7;10;17;30;31;35;36;42;51;3;10;15;21;31;35;39;49;51;53;6;10;13;30;36;39;45;49;54;56
0110;2;6;7;10;25;35;36;48;52;55;1;2;3;7;17;21;26;51;56;59;19;20;21;29;35;46;48;49;55;58;0610;13;23;28;32;35;40;45;46;48;53;6;12;13;28;32;42;45;51;53;58;3;6;10;18;29;35;48;52;56;60
0111;3;4;18;19;21;33;34;35;38;54;4;14;15;16;19;27;32;39;52;60;5;8;11;12;14;17;20;29;31;43;0611;1;4;7;12;27;29;38;53;55;56;1;18;19;32;39;47;49;53;59;60;15;16;25;33;35;40;43;51;56;59
0112;6;9;11;12;28;37;39;40;51;52;6;16;20;22;31;49;51;56;57;60;7;12;14;16;23;30;47;52;54;57;0612;1;28;29;33;36;46;48;49;52;60;23;24;29;35;43;44;45;47;48;57;13;14;20;21;24;26;37;45;46;50
0113;11;16;29;30;34;42;47;48;55;59;3;9;14;19;21;26;42;45;52;53;3;15;17;18;25;31;32;36;46;50;0613;3;11;13;20;21;37;39;46;48;60;10;18;23;24;29;32;44;53;55;60;4;5;14;16;18;25;28;33;51;53
0114;2;5;15;30;32;38;45;50;57;60;10;21;27;31;34;47;48;49;55;56;1;10;14;19;29;42;44;45;49;51;0614;17;18;33;34;38;49;50;51;56;57;3;6;11;26;30;36;45;47;52;57;4;5;12;14;19;25;29;46;48;49
0115;3;16;18;19;41;43;50;53;57;58;6;9;12;16;19;29;32;33;34;37;1;5;12;13;14;29;32;33;52;55;0615;1;9;12;17;25;27;31;35;52;56;3;6;13;15;19;20;26;47;50;55;13;15;32;33;41;43;53;54;57;59
0116;2;3;12;15;29;33;40;48;53;58;1;4;5;13;30;37;46;56;57;60;4;8;10;12;15;20;21;28;33;52;0616;4;7;14;22;29;33;36;44;45;54;8;20;28;32;34;41;50;53;54;56;1;3;18;19;22;27;32;39;53;57
0117;3;13;20;29;31;32;41;46;50;51;2;14;24;29;36;42;47;49;50;53;14;21;29;30;35;36;38;46;47;58;0617;2;4;11;20;23;26;31;34;36;58;4;20;23;26;27;37;46;53;56;60;1;2;16;17;23;30;41;42;53;56
0118;12;20;29;33;41;43;53;57;58;59;2;3;16;30;41;43;48;50;57;58;1;10;18;23;28;34;40;41;48;50;0618;5;9;18;23;24;30;36;41;42;47;4;25;26;37;45;47;48;53;56;58;12;13;21;29;30;31;39;42;44;53
0119;5;7;10;18;24;29;33;37;56;60;13;15;19;29;32;34;37;42;51;57;10;16;20;25;42;44;45;50;51;56;0619;2;4;6;16;19;27;38;39;41;58;1;3;5;7;21;30;31;41;48;51;2;9;12;17;18;23;32;33;46;56
0120;10;15;19;22;27;30;31;34;56;60;9;13;25;28;32;35;36;39;44;49;4;10;13;37;41;44;48;53;58;59;0620;4;11;12;13;16;25;28;35;40;41;1;4;6;12;25;26;42;44;46;53;7;14;28;29;33;38;47;51;54;55
0121;3;13;15;37;39;42;44;52;54;55;14;28;38;39;42;43;47;50;51;57;6;18;21;27;28;33;43;44;55;59;0621;7;8;17;30;36;37;43;46;49;58;3;7;8;13;17;24;40;44;48;54;2;11;12;18;28;45;47;53;56;57
0122;16;20;21;22;28;33;36;47;51;59;9;17;19;25;27;39;42;47;53;59;2;3;4;9;10;23;31;34;39;54;0622;2;5;7;20;24;28;38;44;46;50;8;12;17;18;27;32;43;45;47;59;9;21;23;29;36;40;42;45;48;51
0123;4;5;6;14;20;26;34;41;57;59;1;13;16;22;24;25;33;47;56;57;5;6;28;32;37;38;41;48;50;59;0623;7;9;13;14;21;28;29;31;55;59;1;3;8;12;18;25;33;37;50;59;4;8;11;12;24;35;36;45;54;56
0124;3;4;7;10;11;19;28;40;46;57;5;7;19;34;39;40;45;47;48;55;2;3;5;7;8;30;31;41;47;50;0624;2;9;17;20;39;40;46;47;51;58;8;15;22;25;26;32;38;52;54;60;11;18;20;21;23;34;43;45;53;55
0125;1;4;23;39;40;44;48;51;54;55;20;21;23;28;35;36;37;38;44;50;9;15;16;25;30;49;51;55;59;60;0625;5;8;9;10;17;35;37;39;53;57;5;8;10;13;16;20;32;33;53;56;2;12;17;29;42;43;48;50;51;52
0126;3;11;19;27;28;32;33;38;43;47;7;29;34;39;40;48;54;56;58;59;2;13;18;19;28;31;32;38;49;56;0626;3;6;7;11;13;28;31;38;54;58;19;23;24;26;31;35;47;56;58;59;3;9;10;18;20;21;22;28;31;50
0127;1;15;23;25;31;39;41;49;56;60;14;16;17;18;24;34;36;53;54;56;2;9;20;32;42;48;49;56;58;59;0627;3;6;9;22;23;24;37;40;54;55;8;14;16;28;31;33;34;49;57;60;7;19;20;23;24;29;31;32;34;59
0128;7;10;13;20;33;34;36;37;41;49;3;9;13;24;32;43;47;48;55;56;12;14;23;26;30;31;32;40;46;55;0628;2;7;12;13;16;21;23;37;39;56;11;20;27;37;38;47;53;57;58;59;16;21;24;27;29;32;41;49;56;59
0129;1;3;6;7;10;21;32;35;47;55;12;25;27;28;32;38;42;47;56;58;2;16;20;23;27;29;36;46;56;58;0629;11;12;25;27;40;47;49;54;58;60;6;19;20;27;32;36;47;54;56;58;11;23;30;33;42;43;44;45;50;58
0130;4;7;14;15;33;35;36;47;48;59;2;7;19;35;43;44;46;49;55;58;5;14;33;35;39;42;47;49;50;59;0630;8;9;13;19;22;26;30;41;43;49;2;3;4;10;14;19;22;31;43;55;1;5;9;17;26;29;33;40;43;60
0131;9;13;14;16;19;21;26;40;47;60;2;3;13;15;18;22;28;31;36;45;13;18;32;38;42;43;47;48;51;59;0631;13;22;23;26;28;48;54;55;56;59;7;25;36;39;40;46;48;49;52;55;4;9;16;28;31;39;45;46;56;58
0132;2;6;8;15;24;30;39;41;50;60;5;10;12;15;31;33;37;38;47;51;3;15;16;19;22;24;33;43;45;53;0632;1;2;7;11;13;19;20;44;46;55;8;11;14;23;32;35;41;43;44;45;6;16;20;31;33;39;44;47;49;54
0133;2;13;18;34;39;41;42;49;50;57;6;10;13;18;24;29;35;41;44;49;2;3;7;21;26;30;31;36;46;58;0633;7;13;26;37;40;41;45;46;47;52;7;10;15;32;34;40;43;44;47;50;4;5;8;30;31;36;38;49;53;60
0134;2;18;19;36;48;49;52;54;56;58;6;11;16;18;20;40;46;49;54;59;1;5;8;14;21;23;41;47;50;60;0634;2;13;15;17;31;36;37;57;58;60;5;6;11;19;32;35;36;39;48;53;9;12;29;30;35;36;37;39;49;51
0135;7;8;21;28;37;39;44;52;53;60;7;9;22;29;31;38;42;48;49;55;3;6;12;20;24;33;36;37;52;60;0635;6;20;23;25;50;53;54;55;56;58;4;6;7;11;15;21;31;43;50;57;2;9;14;21;37;42;43;51;55;58
0136;5;12;26;27;33;39;45;54;55;59;11;12;14;17;20;21;26;37;49;57;3;8;22;24;25;38;41;47;50;60;0636;4;5;9;11;12;25;30;44;49;55;1;10;12;13;33;40;41;42;48;50;18;24;25;29;31;48;49;50;57;59
0137;13;16;21;24;30;32;43;45;47;59;5;6;8;9;17;30;37;41;47;49;1;5;11;20;28;30;32;34;46;58;0637;3;4;15;23;25;30;50;53;55;56;2;6;11;12;39;44;49;53;59;60;13;18;29;30;31;36;43;51;52;53
0138;1;2;11;15;25;27;50;57;58;59;4;5;6;19;33;50;51;54;58;60;8;13;20;21;22;25;32;40;51;60;0638;1;32;39;40;44;47;50;52;55;58;3;6;8;11;12;18;27;29;57;58;6;7;15;16;17;24;26;42;43;59
0139;6;10;12;18;20;27;29;31;50;55;6;10;21;35;38;48;49;51;56;59;3;16;19;20;21;23;24;26;51;57;0639;4;5;8;21;26;37;46;55;58;60;12;18;29;32;36;39;41;45;55;60;4;12;20;21;32;36;37;41;55;56
0140;13;14;16;17;18;35;42;52;54;57;1;8;19;21;25;44;47;49;54;60;11;17;23;33;36;45;46;52;54;55;0640;3;6;24;27;31;40;42;43;49;55;1;6;8;16;45;49;52;54;58;59;12;13;19;26;28;29;31;36;43;45
0141;1;3;10;23;24;40;51;54;57;58;14;15;16;17;26;27;40;45;58;59;1;5;8;12;29;31;44;49;53;55;0641;1;13;28;30;31;37;38;40;44;46;3;4;5;16;21;32;35;40;45;47;4;5;10;11;38;44;45;52;54;60
0142;11;14;16;19;21;23;37;41;49;50;1;3;10;24;40;42;46;50;56;60;1;24;25;28;29;31;35;41;43;47;0642;10;14;20;21;30;36;37;45;54;56;3;5;21;27;28;31;32;35;46;47;3;13;14;26;29;39;43;46;50;52
0143;2;5;17;23;26;28;30;31;46;51;10;11;14;18;20;23;35;37;47;59;9;30;31;32;35;46;47;48;53;60;0643;6;14;17;18;20;28;29;30;37;44;10;26;30;31;32;34;35;38;49;60;4;14;15;18;24;33;39;41;50;51
0144;3;11;22;27;32;35;42;51;52;59;11;19;22;37;40;41;42;45;46;60;2;7;16;24;25;32;34;37;45;48;0644;9;13;14;15;20;27;29;42;53;54;11;15;23;28;30;31;41;46;48;57;5;15;18;20;21;22;30;37;53;55
0145;2;7;32;33;34;41;43;48;55;59;11;13;15;29;39;41;49;53;54;58;12;20;22;28;31;38;39;48;49;58;0645;8;18;19;21;23;33;38;48;51;56;4;20;25;27;34;35;39;40;52;56;8;15;18;25;28;36;41;44;46;54
0146;11;12;13;17;20;23;30;34;48;58;4;8;9;11;13;16;20;26;51;58;1;5;12;26;30;33;35;39;52;56;0646;11;17;22;25;31;35;36;37;41;43;1;12;16;31;34;38;41;47;51;54;3;9;15;22;31;32;43;46;54;55
0147;4;12;17;36;41;44;48;49;51;55;3;10;24;34;49;50;55;56;58;59;10;18;20;22;30;39;45;54;59;60;0647;3;4;5;9;27;44;49;50;54;56;3;6;9;24;28;30;36;53;56;57;5;6;9;14;17;34;40;49;51;54
0148;13;20;22;38;43;46;47;49;51;57;5;9;12;13;23;25;34;51;54;57;2;3;5;32;39;45;47;52;54;55;0648;2;10;12;28;31;41;43;53;56;58;13;14;15;20;44;47;50;51;56;59;10;11;12;33;35;37;43;44;45;48
0149;10;11;12;23;26;35;46;48;52;53;21;22;37;43;44;46;47;51;52;59;1;4;9;17;27;28;33;43;55;58;0649;4;6;17;31;35;42;45;50;52;58;7;16;17;18;25;34;36;40;52;57;8;9;12;14;27;30;40;44;50;51
0150;3;5;16;23;31;33;42;46;49;55;1;6;13;24;41;46;49;50;57;59;10;13;29;30;32;40;50;55;57;58;0650;3;15;16;18;22;28;36;38;41;48;17;18;27;28;34;38;40;51;52;53;12;15;17;24;25;38;48;50;58;59
0151;5;6;13;15;21;23;36;39;50;51;6;9;12;13;24;25;27;29;49;53;7;12;19;27;33;42;43;50;59;60;0651;2;3;23;24;35;38;40;45;49;55;2;25;34;36;38;41;47;49;54;55;5;11;15;17;23;25;33;34;38;42
0152;1;5;7;12;15;23;27;32;39;51;9;13;14;20;26;27;48;49;52;56;3;10;25;26;30;31;41;46;53;60;0652;1;6;7;13;15;21;31;32;48;53;5;6;7;13;17;27;44;48;49;50;4;9;11;14;20;21;22;23;27;53
0153;1;7;27;29;32;37;43;45;53;55;5;7;13;18;19;24;30;43;49;58;3;8;35;44;46;48;49;52;57;60;0653;1;17;29;39;45;47;52;55;57;60;6;10;12;24;30;31;42;44;52;54;10;12;21;24;26;37;38;50;53;56
0154;7;12;31;40;48;50;56;58;59;60;11;21;24;27;32;35;46;53;55;60;3;15;16;24;26;32;33;38;57;60;0654;4;10;16;18;24;27;34;52;57;60;6;10;12;23;26;37;42;43;45;58;6;17;18;19;27;36;45;51;54;60
0155;8;9;11;14;29;30;31;38;40;57;2;3;5;13;21;25;26;28;40;54;1;4;11;12;13;17;22;34;40;43;0655;11;13;22;28;30;32;38;39;45;53;7;8;12;16;32;39;42;54;57;59;2;11;15;18;25;36;41;50;53;54
0156;4;6;8;11;22;31;36;42;48;60;2;6;20;25;30;40;41;45;46;55;6;36;38;41;42;43;44;46;51;52;0656;5;15;19;27;36;37;41;49;51;58;3;12;15;26;27;31;41;52;53;57;4;6;17;26;29;32;39;44;53;60
0157;3;4;11;17;22;28;41;47;49;57;2;10;33;37;39;44;47;49;50;52;4;9;13;14;28;29;43;45;48;59;0657;1;18;19;22;37;41;47;49;52;58;6;7;27;29;34;36;39;51;56;60;3;12;17;18;21;23;36;37;43;49
0158;7;15;18;23;33;34;46;47;55;60;7;9;10;16;29;31;32;44;52;59;16;17;21;31;33;35;44;48;51;53;0658;4;6;7;13;30;31;40;46;47;60;15;18;19;26;29;36;40;46;50;51;1;31;32;36;38;39;40;43;53;54
0159;7;26;29;33;36;38;45;48;53;56;7;10;21;32;34;36;40;47;54;58;3;4;7;12;29;39;41;44;54;58;0659;5;7;11;26;36;42;50;51;55;58;23;25;27;30;32;35;41;47;58;59;6;13;17;29;33;41;48;51;52;56
0160;7;9;13;17;22;29;33;38;49;51;4;5;14;15;16;24;27;34;52;54;1;4;6;8;11;19;44;45;46;49;0660;6;9;15;16;17;32;42;45;46;60;8;15;17;23;25;27;39;52;56;60;2;4;15;18;23;25;32;50;51;55
0161;1;4;9;10;24;29;40;48;50;60;3;14;16;29;35;38;41;44;54;57;8;9;13;16;17;26;32;52;53;60;0661;7;11;13;21;23;30;33;37;46;53;1;3;12;13;17;21;29;32;41;52;2;3;10;25;27;30;32;41;53;57
0162;6;7;12;20;25;31;36;42;47;53;13;16;17;20;28;33;36;43;57;59;2;3;13;20;21;25;27;37;39;49;0662;10;17;19;24;28;31;38;41;48;53;14;15;20;21;26;36;38;41;54;59;8;11;13;22;24;50;53;57;58;60
0163;7;9;13;25;26;27;34;42;49;52;5;11;17;29;32;35;48;52;55;56;4;6;12;14;15;21;24;35;36;39;0663;1;3;7;16;20;23;33;53;56;58;4;6;18;27;44;46;47;54;58;59;1;4;23;28;33;44;45;47;48;53
0164;5;20;23;29;35;36;39;49;55;56;14;17;22;27;30;34;35;36;52;56;5;6;12;14;17;20;28;38;44;54;0664;4;7;13;30;32;40;43;45;53;55;9;16;19;20;23;32;36;38;41;50;3;13;15;19;35;46;48;49;58;59
0165;2;3;12;18;20;25;28;30;50;55;7;14;25;32;37;41;44;46;47;56;6;8;22;23;34;36;38;44;52;58;0665;2;3;7;11;13;24;41;48;50;56;2;9;22;26;28;37;41;45;46;55;1;7;11;13;19;25;28;37;41;60
0166;8;10;22;33;35;39;40;41;52;58;5;9;15;23;27;35;36;38;49;59;4;13;14;22;24;25;36;42;49;53;0666;8;16;25;34;39;47;51;55;57;58;13;24;26;28;41;42;46;47;49;58;9;25;27;31;42;47;49;50;56;57
0167;7;17;23;39;40;41;42;43;45;59;1;4;10;13;17;21;37;40;45;53;6;9;12;17;28;37;38;44;50;57;0667;2;4;5;7;13;17;35;42;43;58;2;8;17;28;30;37;39;44;49;59;3;4;6;12;29;32;38;52;54;60
0168;3;13;18;26;36;39;42;43;49;56;3;7;10;20;21;33;39;43;55;56;6;7;9;11;18;36;38;45;48;56;0668;11;12;13;19;21;25;32;39;44;60;4;14;27;30;36;44;46;48;50;54;5;9;19;23;39;43;47;52;55;60
0169;3;19;20;25;29;34;38;50;57;60;8;21;22;28;31;35;39;51;55;60;11;15;27;31;34;43;48;51;57;59;0669;3;8;22;33;36;46;54;55;57;60;2;13;17;25;26;31;33;51;58;59;12;16;17;18;25;29;31;43;44;57
0170;6;7;12;13;15;32;40;43;46;60;6;8;25;33;43;46;47;52;53;59;1;2;5;14;16;20;28;32;33;50;0670;3;8;16;27;28;31;35;41;42;51;4;7;21;33;39;42;44;47;50;55;4;11;13;21;28;33;37;45;55;60
0171;10;24;26;27;28;53;54;55;58;59;5;6;9;13;16;39;44;48;51;60;3;5;18;19;24;28;35;45;52;56;0671;5;6;21;23;30;35;38;39;53;59;5;6;26;32;39;47;52;56;59;60;1;8;10;19;20;23;40;46;51;60
0172;9;11;18;21;27;35;38;42;54;58;1;4;7;10;25;34;36;38;47;49;13;18;27;29;30;40;44;45;47;52;0672;1;11;19;22;24;32;34;36;38;49;7;16;25;28;48;51;52;55;58;60;7;12;14;32;33;37;41;49;51;54
0173;13;17;19;20;24;37;43;44;50;59;1;2;15;21;22;24;36;37;39;60;3;10;18;22;25;40;43;51;54;56;0673;2;13;18;30;32;34;39;43;51;54;4;5;11;16;22;23;26;37;50;55;6;14;18;22;24;29;31;45;51;55
0174;8;12;15;21;29;31;38;44;49;58;5;15;30;35;36;43;47;50;52;55;15;16;17;22;26;38;48;52;54;58;0674;2;9;12;16;19;23;46;52;53;58;12;14;21;23;24;28;38;43;45;49;4;14;28;36;37;45;46;51;54;57
0175;4;11;12;13;17;20;26;41;42;59;1;5;12;19;37;43;45;49;59;60;11;23;26;30;34;35;42;50;54;60;0675;5;9;10;14;17;22;28;31;47;48;2;5;14;17;26;43;48;54;55;59;2;8;10;14;16;19;34;37;39;55
0176;2;16;19;30;34;38;41;45;50;60;1;6;11;20;31;38;39;43;54;57;3;4;11;16;18;22;23;28;42;50;0676;9;14;24;25;29;33;42;48;58;59;9;23;37;41;43;46;52;57;58;60;13;20;21;32;37;38;49;53;56;58
0177;1;8;14;20;25;29;31;35;36;51;2;12;17;19;22;28;30;40;46;58;13;14;22;27;29;40;44;47;48;59;0677;16;20;31;36;37;39;41;44;50;56;2;26;28;33;36;37;42;44;46;60;5;7;10;18;30;31;33;40;53;59
0178;12;13;21;25;28;40;41;43;49;53;6;7;9;21;31;43;44;47;55;57;2;12;18;22;25;39;40;43;47;48;0678;6;7;10;23;37;38;40;41;54;56;1;7;9;16;30;31;34;48;50;51;17;25;32;34;38;41;43;47;53;55
0179;4;12;23;24;26;27;42;45;48;50;1;14;19;20;24;34;39;55;57;59;10;15;29;31;32;39;45;47;55;59;0679;8;9;11;18;26;28;34;46;54;58;5;10;14;24;26;27;31;34;56;58;1;12;16;25;26;37;38;44;46;49
0180;16;18;27;32;43;55;57;58;59;60;3;4;7;10;11;16;28;32;46;55;4;8;16;22;23;39;49;52;56;59;0680;3;14;27;29;36;44;45;48;49;57;4;9;10;24;25;31;41;42;45;50;7;8;9;19;28;46;53;55;57;58
0181;3;6;11;12;16;20;22;28;49;50;17;26;29;30;31;46;47;54;55;58;4;5;17;18;22;24;35;39;58;59;0681;1;26;32;38;44;48;55;57;59;60;6;20;26;28;37;38;45;46;51;54;5;6;19;20;26;30;33;35;42;49
0182;2;8;18;27;36;44;45;50;54;59;1;19;31;33;39;41;44;45;47;59;5;9;11;33;39;41;49;53;54;59;0682;8;10;11;13;14;26;29;31;48;49;1;2;8;15;28;30;32;35;48;59;6;9;12;14;16;17;39;45;54;60
0183;10;16;17;18;26;30;37;43;51;55;4;11;16;19;21;29;38;43;48;50;2;9;11;20;23;24;35;38;41;58;0683;1;18;20;22;27;29;33;34;51;54;2;5;6;25;26;36;38;40;55;57;7;10;13;17;18;22;23;27;41;44
0184;9;16;26;28;30;40;43;47;57;59;1;5;16;24;27;31;32;47;56;60;3;6;12;18;31;32;41;43;44;59;0684;8;23;24;25;29;34;41;42;50;58;4;16;17;26;31;46;55;56;57;60;1;5;12;16;25;33;35;40;53;59
0185;4;11;12;13;15;19;42;44;47;55;13;14;21;30;31;33;34;38;42;56;10;15;22;23;26;30;31;44;45;53;0685;5;10;15;19;22;27;30;31;54;60;9;13;14;16;21;22;23;39;43;50;4;5;6;7;11;15;18;29;43;46
0186;3;16;18;28;29;35;38;42;49;60;10;11;17;19;25;30;33;48;52;54;3;12;15;17;22;44;47;49;55;60;0686;8;13;23;25;28;33;35;49;50;51;6;7;10;15;16;23;29;32;42;59;4;6;11;12;18;19;32;39;50;56
0187;6;15;20;26;40;42;45;46;49;60;2;3;5;14;26;28;31;34;44;45;1;7;11;16;34;40;45;48;52;55;0687;2;14;19;21;23;24;37;52;57;59;12;13;19;20;30;34;38;40;52;57;7;18;20;25;32;35;36;38;39;45
0188;8;15;19;25;36;39;43;45;51;53;11;15;17;20;28;30;31;47;52;56;4;10;22;24;28;31;32;46;48;57;0688;2;3;16;22;35;42;43;45;54;58;10;11;12;19;27;30;50;53;54;56;3;6;7;25;37;39;44;46;57;59
0189;7;9;13;16;26;32;39;42;44;56;1;6;23;28;40;42;45;47;50;52;2;5;8;11;20;24;33;50;55;58;0689;8;10;13;19;21;32;46;47;49;58;15;17;19;20;22;27;30;49;52;53;2;4;6;13;15;19;37;41;44;49
0190;10;17;18;20;22;31;40;48;54;59;3;7;25;28;33;37;41;46;52;60;4;5;9;12;18;24;28;35;54;57;0690;8;13;18;20;30;34;47;50;57;59;1;6;15;18;24;28;35;48;49;59;3;28;34;36;40;41;43;47;59;60
0191;5;6;9;10;12;17;26;36;42;50;10;17;20;21;27;30;33;43;47;52;2;3;4;16;17;24;40;48;50;54;0691;4;14;16;27;30;34;37;45;54;57;1;2;5;6;12;17;23;56;58;60;24;26;31;36;37;41;43;44;49;60
0192;1;7;14;16;21;30;44;47;49;55;2;3;18;22;29;32;33;34;36;43;14;16;19;20;23;31;38;39;58;59;0692;2;8;9;15;31;34;38;55;58;60;3;5;7;11;13;19;25;28;31;50;19;26;30;37;39;48;49;53;54;57
0193;11;22;23;26;27;43;44;47;52;55;9;18;21;24;29;36;46;49;50;59;2;6;10;13;24;28;30;40;50;52;0693;4;14;27;31;37;43;45;48;53;58;2;5;11;14;25;26;30;40;49;54;2;12;16;28;32;36;43;45;48;49
0194;8;13;27;29;31;32;34;36;39;52;1;9;11;12;19;31;36;43;47;57;16;18;30;32;34;36;44;49;52;59;0694;2;8;14;20;21;31;40;44;49;50;4;16;26;28;35;43;47;53;54;56;5;6;8;13;21;24;27;39;52;60
0195;7;8;12;13;18;19;32;36;45;56;1;9;14;16;28;35;36;48;50;60;4;10;18;20;24;31;32;37;52;56;0695;9;15;28;31;32;34;46;49;53;57;9;11;14;16;18;21;31;35;38;50;16;18;26;36;39;45;46;50;56;57
0196;2;7;11;13;18;23;28;45;46;53;7;9;12;15;21;30;36;49;54;59;5;6;8;16;20;21;29;30;37;45;0696;5;12;34;36;38;40;41;43;59;60;3;5;8;11;19;25;46;47;56;58;8;16;21;24;25;32;43;45;53;56
0197;2;7;15;25;30;38;43;46;48;51;2;3;10;27;29;33;40;49;52;54;9;25;29;33;38;44;45;50;51;53;0697;8;12;26;30;31;40;48;51;56;57;1;3;10;13;17;25;32;45;49;54;3;4;8;9;16;19;20;21;39;54
0198;7;9;11;17;19;35;49;50;57;60;3;6;12;14;15;17;19;22;27;57;5;9;11;16;17;19;24;28;52;58;0698;3;10;13;17;25;29;31;37;59;60;10;11;15;19;20;37;39;43;52;56;1;5;6;23;25;27;36;43;49;57
0199;1;5;15;17;29;30;31;36;41;53;16;19;28;32;33;35;39;43;45;53;3;7;9;12;17;22;31;36;43;59;0699;5;7;14;23;27;40;42;44;48;52;17;20;21;24;25;27;32;52;56;59;6;10;11;24;27;30;37;42;55;60
0200;12;16;18;19;30;31;35;50;57;59;3;10;12;14;15;16;17;47;55;60;12;15;18;28;30;34;35;40;42;57;0700;1;3;12;24;30;32;41;48;50;56;16;20;24;25;33;44;51;53;58;59;2;4;12;23;25;28;29;33;37;42
0201;1;5;16;26;31;33;37;38;53;55;1;8;20;22;23;32;36;38;48;52;1;4;10;15;25;34;43;51;55;57;0701;3;13;25;33;48;49;52;55;58;60;10;15;16;20;23;34;35;38;41;48;4;21;33;39;44;48;50;51;55;58
0202;1;10;12;24;26;34;44;49;50;55;1;5;12;26;27;37;42;48;54;58;4;7;10;19;21;30;46;48;51;52;0702;1;14;20;23;33;42;43;48;57;60;2;5;6;9;14;21;23;37;49;54;2;6;9;16;20;33;46;52;54;56
0203;3;4;6;12;33;34;36;38;47;53;9;20;21;33;42;43;53;55;58;60;20;23;25;27;29;36;39;51;52;57;0703;3;7;18;21;43;50;51;53;58;59;2;3;11;13;21;34;46;51;57;60;4;14;25;35;41;43;44;51;59;60
0204;4;10;25;26;33;36;42;43;53;56;3;5;21;24;29;33;36;38;41;50;7;9;12;13;14;26;29;36;46;54;0704;3;5;10;17;21;23;36;39;50;59;14;15;21;22;29;37;42;45;46;58;7;11;17;30;35;39;40;45;51;56
0205;28;33;36;37;38;39;45;54;55;58;3;7;13;15;18;24;26;40;49;56;14;15;18;19;25;28;30;41;57;58;0705;4;5;11;17;21;24;39;42;53;56;3;8;9;14;19;36;48;50;52;60;7;14;17;24;29;33;44;46;51;57
0206;5;17;28;31;35;42;45;46;47;54;4;11;13;16;26;33;40;41;53;55;2;8;15;26;32;34;44;47;51;56;0706;1;8;21;25;32;33;45;53;54;55;1;6;7;18;21;26;27;31;43;58;8;15;17;31;33;38;44;45;54;60
0207;3;15;18;24;25;28;36;37;44;46;8;9;11;14;27;31;38;43;45;56;10;12;26;27;34;39;43;46;49;59;0707;1;9;15;25;28;29;38;46;48;55;7;11;12;17;22;26;33;35;39;50;1;2;12;16;17;23;24;28;36;55
0208;11;13;19;31;33;34;46;53;56;59;3;4;10;13;14;36;39;51;53;59;2;15;29;37;39;44;45;52;59;60;0708;8;16;18;21;24;26;32;46;54;58;11;15;17;32;38;40;41;44;51;54;2;3;14;19;20;26;30;35;36;60
0209;2;7;27;31;33;34;45;51;54;60;1;3;16;26;30;33;36;51;57;59;9;16;27;28;34;35;36;40;50;53;0709;8;16;17;20;22;23;37;44;48;58;1;9;18;19;25;28;30;32;40;43;2;5;10;11;33;37;38;40;45;46
0210;1;5;19;29;31;32;34;35;42;53;2;6;11;13;17;20;31;44;47;49;5;6;18;21;35;37;45;46;51;53;0710;6;11;16;19;24;32;42;44;52;60;26;29;34;35;37;39;41;44;47;56;3;6;32;33;34;35;39;40;44;53
0211;15;17;21;22;28;30;36;46;50;59;8;9;12;18;25;30;32;34;36;53;14;18;20;34;36;37;41;56;59;60;0711;3;5;7;9;22;32;34;50;56;60;5;10;12;31;33;37;41;42;47;55;14;15;18;23;35;37;52;53;54;58
0212;9;10;15;16;17;25;32;45;47;51;5;6;8;10;14;16;41;49;59;60;2;8;11;12;18;32;40;48;50;59;0712;2;8;12;19;30;42;43;45;46;47;1;3;7;11;16;25;27;33;46;51;5;7;9;14;19;31;35;44;51;56
0213;8;9;12;22;32;35;40;56;59;60;7;20;22;27;36;37;42;47;55;60;3;12;17;18;23;27;39;40;42;46;0713;9;10;12;13;19;28;29;34;41;51;6;21;22;23;33;34;37;45;50;60;7;30;40;43;44;46;47;48;54;60
0214;6;8;13;16;20;21;28;30;31;51;8;15;23;25;28;35;46;52;58;59;18;19;25;26;29;30;34;44;45;60;0714;7;9;13;22;24;34;36;51;54;56;1;5;8;12;13;17;36;42;53;56;5;6;7;20;31;35;42;51;59;60
0215;1;6;12;25;27;28;32;48;56;59;2;8;18;26;27;32;36;49;57;58;1;9;18;30;33;41;42;45;50;59;0715;4;12;19;31;46;48;49;51;57;58;11;12;19;23;24;39;49;52;55;56;2;4;7;21;29;40;47;51;53;59
0216;12;17;24;31;33;36;38;43;46;50;2;5;19;35;37;47;50;56;57;60;10;14;22;26;31;36;39;47;51;54;0716;1;6;13;33;34;36;40;44;47;54;1;10;20;31;33;36;37;44;47;56;5;7;10;17;22;23;24;40;53;54
0217;5;9;13;14;16;20;42;44;53;59;6;7;14;18;21;24;28;44;55;60;8;11;13;24;33;39;41;45;49;56;0717;1;25;28;30;33;34;37;42;43;57;5;11;13;26;29;33;41;42;43;51;3;4;15;24;25;33;36;45;56;60
0218;1;10;14;23;28;35;40;50;51;54;6;8;11;18;19;29;31;33;37;53;10;16;17;18;29;30;35;44;49;60;0718;1;2;5;9;15;24;25;54;56;57;6;15;19;20;25;35;37;39;43;51;3;5;17;19;25;26;28;44;55;56
0219;4;5;7;13;19;29;33;46;56;60;2;3;9;22;39;42;52;55;59;60;2;18;20;22;25;30;40;46;52;53;0719;1;2;17;22;27;30;35;42;50;55;2;4;10;22;28;30;36;37;43;54;2;15;16;21;24;30;33;38;39;53
0220;1;15;16;21;23;27;29;36;51;56;7;10;37;38;40;45;50;51;55;56;2;9;22;36;38;40;44;45;50;56;0720;1;4;8;27;28;40;43;47;56;59;1;3;12;14;26;36;53;55;58;59;2;7;21;23;24;39;50;52;59;60
0221;2;10;12;17;34;38;44;45;49;59;14;15;18;24;30;35;37;39;41;46;8;13;26;32;34;39;45;48;49;50;0721;3;10;14;17;18;21;22;24;35;40;6;11;16;18;24;33;34;45;53;57;6;13;18;24;28;32;33;39;48;50
0222;23;26;27;28;33;40;47;56;57;58;3;4;12;16;27;29;41;42;47;55;5;18;26;34;35;36;42;47;56;57;0722;8;10;16;20;21;23;26;32;37;50;14;17;27;29;38;43;45;46;50;57;4;27;28;37;46;47;51;52;55;58
0223;7;20;22;23;27;28;32;41;45;46;6;7;22;26;31;38;43;45;48;55;3;6;12;19;20;37;41;45;54;59;0723;4;14;25;29;31;38;43;44;49;53;4;8;9;10;29;40;43;48;53;56;1;4;5;10;33;35;36;39;43;60
0224;6;8;11;21;29;38;43;53;58;60;6;13;18;31;37;43;49;51;55;60;2;5;15;16;29;34;39;49;54;57;0724;4;7;14;15;20;23;44;46;47;52;10;12;16;22;23;30;37;41;42;48;3;7;8;10;13;15;31;32;49;58
0225;4;16;21;22;27;29;38;48;50;51;1;2;10;28;34;37;39;40;52;60;3;10;15;20;25;32;35;48;52;58;0725;5;7;12;16;19;30;33;48;58;60;11;13;32;35;36;40;41;44;46;49;4;5;13;18;24;25;28;33;40;54
0226;1;18;19;20;22;48;49;50;52;53;10;14;17;23;40;42;47;55;57;60;2;17;18;20;23;31;32;42;50;58;0726;7;8;20;29;30;31;35;36;51;60;2;8;17;26;29;42;43;51;52;57;10;16;24;28;36;41;42;47;54;55
0227;1;2;9;13;14;26;35;54;55;58;10;12;17;18;19;22;27;37;44;55;4;9;14;42;44;50;52;53;54;60;0727;5;8;14;24;26;34;38;47;50;55;2;3;10;22;23;39;40;41;49;60;8;17;26;30;31;35;40;41;42;46
0228;1;3;5;6;16;24;47;52;53;57;14;21;30;31;32;35;36;42;48;54;1;7;15;16;18;25;37;40;41;47;0728;1;2;11;12;19;20;22;44;46;58;10;15;16;27;33;34;44;48;49;58;4;6;10;19;29;31;39;47;52;53
0229;3;4;16;21;25;39;47;49;53;57;1;4;10;13;22;27;34;42;46;58;18;19;20;27;32;39;43;46;47;49;0729;2;22;29;31;38;42;44;49;50;59;4;7;8;15;27;44;46;47;50;55;4;12;13;20;30;31;52;58;59;60
0230;11;12;15;17;31;36;38;46;54;55;3;4;6;12;16;23;30;32;47;59;9;12;30;34;39;50;51;53;55;56;0730;14;18;21;22;25;40;50;51;57;58;8;23;35;44;46;48;55;56;59;60;8;11;21;28;29;30;31;49;51;60
0231;1;2;5;6;10;14;23;40;54;60;1;6;9;13;21;28;31;37;52;56;1;9;23;31;35;36;39;46;54;58;0731;12;14;26;30;31;33;39;43;54;55;10;15;18;29;33;41;46;51;56;58;2;5;22;23;30;32;34;42;49;60
0232;3;4;10;13;25;31;32;46;49;59;1;2;16;32;35;38;43;50;57;60;9;11;17;21;22;26;31;35;48;58;0732;3;7;15;17;18;28;39;45;57;59;2;11;18;20;27;29;37;42;54;57;1;4;10;14;21;32;34;35;40;52
0233;10;41;43;45;48;56;57;58;59;60;1;3;5;7;17;26;46;52;58;59;8;12;15;19;25;42;50;52;56;59;0733;8;12;17;21;22;31;41;44;47;49;1;3;6;7;12;36;40;47;49;51;7;9;20;26;29;30;37;47;54;58
0234;4;15;18;26;27;30;41;48;55;58;2;6;19;21;23;33;44;57;59;60;1;4;7;13;15;18;26;40;41;50;0734;1;17;24;36;40;47;49;57;58;60;1;13;20;27;31;34;35;41;42;44;15;17;23;29;32;35;41;47;51;58
0235;2;7;8;11;13;18;27;44;51;52;3;13;16;27;31;41;52;53;56;59;3;5;12;18;27;32;36;45;46;53;0735;3;4;5;7;8;18;20;42;48;51;19;22;24;33;36;40;45;46;49;54;5;8;11;14;15;17;20;22;30;56
0236;5;7;8;10;13;27;36;49;52;60;3;9;21;22;24;28;42;47;51;54;7;16;22;29;35;37;38;48;53;54;0736;6;8;15;32;34;41;42;51;52;56;10;13;15;21;23;25;27;31;34;56;2;15;18;20;28;34;36;44;45;54
0237;12;13;14;16;21;22;25;26;40;46;1;18;23;25;28;32;39;51;52;54;8;11;14;15;17;19;24;36;40;54;0737;2;10;18;20;30;33;36;40;51;55;3;8;21;24;26;38;42;44;49;59;1;5;6;8;17;21;22;27;39;56
0238;8;10;18;20;24;25;31;35;41;56;9;11;17;27;29;33;36;41;53;54;3;5;6;13;15;29;34;40;47;56;0738;7;33;34;35;48;49;51;52;57;60;1;2;24;29;31;34;37;42;50;56;6;15;27;36;37;44;46;47;48;50
0239;8;10;11;26;36;40;49;50;53;59;2;4;7;8;14;18;19;26;30;32;13;16;19;28;35;37;42;43;53;55;0739;2;6;12;16;29;37;40;44;53;55;5;10;18;20;23;24;27;49;54;58;11;17;19;36;44;46;49;51;55;57
0240;1;6;18;21;23;31;37;50;52;56;2;5;24;30;33;35;45;55;59;60;4;15;21;23;24;33;40;44;54;55;0740;9;13;21;22;27;35;40;46;55;59;8;9;10;21;31;33;46;54;55;56;6;21;27;28;40;42;44;46;52;60
0241;15;17;20;30;31;37;38;44;52;60;3;4;17;25;31;32;45;51;54;59;8;13;14;16;27;40;48;56;57;59;0741;2;3;6;9;11;12;27;29;40;41;14;19;23;29;34;37;44;45;48;54;5;8;11;28;32;44;46;47;56;59
0242;1;2;15;23;26;37;46;49;51;56;19;21;22;24;26;29;36;52;53;56;1;3;11;18;21;27;32;38;39;46;0742;8;18;20;21;29;32;34;35;57;59;9;28;29;30;37;38;42;43;54;57;1;7;23;25;36;37;39;46;52;57
0243;7;8;11;18;19;42;46;56;58;60;5;15;16;17;20;26;27;34;49;51;8;9;20;24;25;32;35;36;41;46;0743;1;11;13;15;30;36;39;46;55;60;9;12;27;31;34;35;40;47;50;51;1;11;18;39;44;46;47;52;57;60
0244;7;9;10;16;17;22;23;26;49;54;9;12;22;27;28;30;37;41;53;58;1;5;28;33;45;54;55;56;57;58;0744;1;3;9;20;22;29;39;46;55;59;7;9;12;15;29;34;37;50;54;60;2;7;15;18;19;24;35;39;41;46
0245;8;11;24;31;32;35;41;50;53;58;2;3;15;23;29;35;39;41;51;55;2;6;19;23;28;29;45;53;54;60;0745;2;3;5;14;20;24;36;42;45;52;8;24;26;28;38;42;47;57;58;59;2;7;13;22;29;42;46;47;52;53
0246;16;21;27;30;34;43;44;54;56;58;11;23;27;32;38;47;49;50;52;60;13;16;18;20;28;30;32;35;38;54;0746;3;5;7;8;9;13;28;33;42;47;4;10;11;20;22;23;30;34;41;59;1;5;6;7;16;32;33;37;40;41
0247;10;27;42;43;44;45;55;58;59;60;7;9;12;13;23;25;27;35;53;56;9;20;33;36;38;44;48;53;57;58;0747;2;3;4;5;28;31;32;34;55;58;4;23;30;33;35;40;44;47;48;50;13;14;25;27;28;37;42;44;46;57
0248;1;5;10;12;13;15;23;25;36;54;4;9;12;22;32;34;35;37;38;49;10;20;24;26;35;38;43;48;56;58;0748;7;9;11;14;23;25;31;34;53;56;1;10;13;15;25;26;39;44;50;58;5;13;17;20;32;39;44;51;52;56
0249;5;11;13;20;23;40;43;44;54;56;5;7;16;19;25;26;27;46;50;59;3;8;12;22;25;30;32;40;47;53;0749;1;2;10;16;24;35;45;51;53;57;5;11;12;14;24;30;34;38;42;47;2;24;25;28;30;33;40;53;55;57
0250;2;7;12;23;35;40;43;56;58;60;1;5;13;19;24;25;28;40;42;50;7;13;15;16;24;39;42;48;57;60;0750;2;16;17;22;24;34;40;43;46;59;7;9;18;29;32;35;43;46;50;51;6;9;22;23;33;35;46;48;53;58
0251;11;14;15;20;23;32;43;44;47;50;2;6;12;16;18;26;27;42;43;54;5;9;16;24;37;43;46;47;50;55;0751;18;20;22;24;26;28;37;38;40;51;12;17;19;24;25;27;28;38;39;48;3;12;20;21;32;36;40;42;46;51
0252;15;17;22;23;27;38;41;42;50;58;11;19;20;25;33;36;38;40;42;55;3;10;17;19;23;25;29;30;36;40;0752;4;5;11;14;15;45;46;52;59;60;3;10;23;25;34;38;52;55;56;59;9;15;22;23;26;48;49;52;53;57
0253;2;3;6;26;33;39;40;42;47;54;4;9;17;18;22;23;24;27;45;55;12;23;28;34;38;43;51;56;58;60;0753;5;9;13;18;24;29;42;48;49;57;3;15;18;19;30;34;35;42;47;57;1;6;13;22;38;41;46;47;59;60
0254;6;18;19;20;21;24;25;28;42;46;5;12;23;30;31;38;47;49;59;60;8;18;21;27;32;36;37;51;56;57;0754;1;3;5;8;9;10;12;26;51;58;4;20;21;23;29;32;46;47;50;54;6;21;32;35;44;49;53;56;59;60
0255;7;16;17;19;20;26;31;48;51;60;4;8;24;25;27;34;35;54;56;57;6;11;24;32;34;36;41;45;52;57;0755;1;4;7;10;13;18;24;39;56;60;2;9;15;22;28;31;35;42;50;53;9;19;25;27;29;33;49;50;53;59
0256;4;8;10;11;25;34;36;44;52;54;2;13;21;22;23;42;43;48;52;54;13;22;23;27;40;42;43;48;49;51;0756;3;8;11;14;25;28;29;30;49;50;3;6;11;19;20;22;29;39;41;50;14;15;19;20;26;29;35;47;48;50
0257;8;15;19;25;26;31;32;51;53;58;2;10;11;14;15;42;43;44;50;56;6;12;15;17;31;41;45;50;55;57;0757;1;7;11;16;35;44;45;47;51;52;1;3;8;15;27;37;39;43;50;53;6;13;15;19;28;33;39;41;48;60
0258;3;5;11;21;27;41;49;52;54;55;12;25;29;32;39;44;50;54;57;60;2;18;20;22;23;25;27;29;49;50;0758;3;9;11;20;22;26;27;40;44;50;2;9;17;22;24;34;35;38;41;51;2;8;17;20;34;38;43;54;55;59
0259;1;3;5;8;22;26;29;51;53;59;1;3;14;24;26;42;44;47;48;57;3;4;8;9;12;19;27;35;48;57;0759;11;13;17;20;29;33;35;36;41;44;2;12;14;15;19;21;33;40;48;59;19;22;25;36;44;45;47;53;55;60
0260;3;8;10;13;20;32;37;55;57;59;4;10;28;32;33;37;43;48;52;55;1;12;13;15;21;30;49;54;56;57;0760;2;7;17;26;33;34;39;41;49;54;13;20;23;33;37;43;46;55;57;59;6;10;14;38;44;45;49;52;57;60
0261;5;12;17;19;23;24;30;32;35;59;1;10;15;36;37;38;46;47;52;54;11;16;23;38;42;43;45;51;52;58;0761;3;4;10;11;12;25;30;46;56;59;8;10;17;21;23;32;37;42;47;51;7;21;29;34;35;37;46;48;53;55
0262;7;10;14;22;31;35;45;49;50;57;17;25;33;36;38;41;47;52;54;57;4;13;17;24;29;31;36;38;40;46;0762;9;11;12;17;25;40;51;56;59;60;9;14;21;27;28;40;46;47;50;55;8;9;12;13;21;29;36;40;41;44
0263;8;12;13;18;31;36;38;53;56;58;1;9;16;17;31;46;52;55;59;60;12;19;20;23;28;34;38;39;45;48;0763;17;24;29;31;32;40;44;48;52;53;10;11;12;19;32;35;44;53;56;58;8;24;37;39;42;44;45;52;55;60
0264;4;7;23;27;28;32;43;44;50;52;5;10;14;17;23;36;42;46;47;58;9;14;19;21;30;37;47;50;52;53;0764;4;7;17;34;45;51;53;54;57;60;8;13;18;27;38;40;41;43;48;57;3;10;15;18;21;34;35;51;54;60
0265;1;2;5;8;9;13;21;26;52;59;2;4;6;15;17;38;39;41;55;57;1;4;9;16;26;27;33;34;53;56;0765;4;11;14;15;17;18;24;48;57;60;5;12;13;19;20;32;33;35;50;58;1;5;9;18;20;24;28;42;45;55
0266;5;7;9;16;17;29;30;32;39;49;2;17;21;23;30;32;33;37;39;45;4;15;28;35;38;39;51;53;54;57;0766;7;8;10;13;14;20;37;38;41;46;1;3;8;14;23;26;30;46;50;56;1;8;15;16;17;19;34;41;55;58
0267;3;11;16;21;24;27;36;38;41;42;11;16;23;34;36;37;38;41;55;57;3;4;18;20;27;29;35;53;59;60;0767;4;12;16;18;24;26;35;50;51;55;8;13;17;20;21;27;37;46;48;57;1;2;13;25;37;47;50;57;58;60
0268;2;4;5;15;21;25;45;50;54;59;7;14;25;35;37;41;44;51;52;54;1;2;5;8;11;25;37;52;55;56;0768;9;10;14;16;19;23;38;39;46;48;1;6;13;21;26;32;34;46;55;57;11;13;22;27;29;30;33;44;47;53
0269;11;13;23;32;41;46;47;49;50;58;2;6;8;9;17;19;24;34;38;48;5;6;17;18;20;21;28;38;45;51;0769;10;18;20;21;24;25;34;40;50;55;5;12;17;21;26;29;44;45;51;53;5;6;8;12;18;29;39;48;52;59
0270;7;10;13;19;34;36;48;49;55;58;3;6;13;21;23;36;39;40;51;54;12;13;21;29;44;46;53;54;59;60;0770;3;6;8;9;10;11;16;18;21;33;3;10;13;18;26;29;42;45;46;48;3;7;14;18;19;30;32;35;48;55
0271;3;7;10;19;23;36;40;47;53;56;8;17;20;24;25;26;34;42;43;44;5;12;22;23;27;37;42;45;50;55;0771;3;4;8;9;11;33;39;47;50;56;2;10;29;30;31;37;46;48;50;52;6;10;11;17;19;23;25;30;33;40
0272;3;4;7;9;17;28;34;37;40;47;5;6;9;12;18;23;33;42;53;54;3;4;6;14;17;31;34;43;45;55;0772;21;30;36;38;39;41;42;49;50;51;1;9;14;16;23;27;29;31;37;58;5;15;25;31;32;35;40;49;51;56
0273;2;6;17;38;40;41;44;45;47;52;5;15;20;21;42;44;45;51;52;56;3;11;17;29;39;40;44;45;48;51;0773;5;11;17;19;21;29;32;46;55;60;1;9;13;20;26;38;47;48;49;53;3;9;19;25;27;29;32;43;50;55
0274;1;2;7;13;24;35;38;39;42;51;4;10;12;17;19;27;35;38;51;52;10;12;18;21;30;35;37;38;40;56;0774;2;13;15;31;36;37;50;51;53;57;1;2;15;19;21;28;34;53;55;59;1;3;12;15;19;23;42;44;45;56
0275;20;25;30;31;35;41;46;51;55;57;12;21;24;25;28;31;37;42;50;60;1;5;8;19;23;28;40;47;52;55;0775;9;12;14;15;29;35;36;37;49;50;1;2;9;15;24;30;32;46;52;57;1;6;10;11;22;25;34;50;57;60
0276;9;19;21;27;29;35;49;50;53;60;3;4;35;37;38;39;43;50;54;56;3;17;19;22;36;39;40;51;53;59;0776;2;10;22;27;32;33;51;53;57;60;10;15;28;30;33;35;36;48;55;60;11;15;25;27;30;40;42;47;57;59
0277;2;3;20;24;26;38;55;56;57;58;12;13;16;22;35;38;42;45;51;55;3;16;17;18;33;37;40;41;43;57;0777;3;12;19;21;25;30;42;47;57;58;1;11;14;31;32;37;38;46;47;48;1;15;16;23;26;29;40;41;50;59
0278;20;21;23;34;35;41;46;47;54;60;6;8;14;19;23;26;31;38;51;56;11;18;23;27;30;32;43;46;51;54;0778;13;18;19;24;26;30;40;41;55;58;5;10;11;21;29;40;51;52;53;56;14;15;20;22;26;35;37;41;50;57
0279;1;8;17;19;23;42;44;56;57;60;7;10;12;16;23;30;33;36;39;47;1;6;7;17;22;30;34;53;57;59;0779;1;4;5;6;8;11;20;37;48;59;2;7;13;19;21;24;26;31;50;57;6;9;17;18;23;33;37;38;43;57
0280;16;21;35;37;39;41;46;49;51;60;1;4;5;13;17;18;29;38;44;48;2;9;12;15;35;36;38;40;41;51;0780;5;14;22;25;27;43;54;57;59;60;7;9;13;17;31;34;40;51;56;57;14;25;33;34;38;40;41;43;45;54
0281;4;5;7;20;22;26;41;53;56;58;4;7;10;12;17;20;27;46;47;54;14;17;18;19;22;23;34;54;57;58;0781;14;15;21;28;39;40;44;47;53;55;2;13;22;34;35;36;40;44;51;54;2;4;6;15;25;26;27;44;48;51
0282;11;20;27;31;36;37;44;50;53;58;4;14;23;25;28;39;45;49;54;57;2;3;4;12;22;31;33;36;50;55;0782;4;16;17;21;23;26;34;40;44;48;1;2;10;12;16;22;27;34;37;53;2;11;16;20;23;29;31;36;56;58
0283;2;4;7;9;11;23;28;38;40;46;2;4;13;20;22;35;37;43;56;59;6;7;34;38;48;52;53;56;57;59;0783;6;10;14;15;20;21;35;40;43;57;3;12;27;28;41;43;45;54;59;60;3;24;27;32;34;37;41;57;58;59
0284;8;11;12;20;25;26;38;42;49;56;10;15;22;23;24;25;26;30;47;50;4;11;14;25;31;34;38;50;54;57;0784;8;9;10;12;13;30;38;41;50;53;4;9;13;19;27;28;32;33;42;43;4;14;16;23;35;42;46;50;59;60
0285;1;20;34;37;43;44;47;48;54;57;3;5;6;16;19;31;45;55;56;59;9;11;15;17;31;34;39;43;47;55;0785;2;9;10;16;20;30;43;46;55;60;4;5;19;25;27;29;45;54;57;60;1;4;8;15;32;39;42;47;50;52
0286;2;4;8;15;16;28;45;47;49;54;12;17;21;25;27;38;40;42;49;58;3;11;16;27;28;35;41;44;54;56;0786;3;23;31;32;34;35;40;44;53;59;3;6;9;21;23;34;39;46;49;60;8;12;20;24;31;33;34;36;58;59
0287;7;19;28;31;33;35;36;37;43;46;3;10;12;20;23;30;34;39;51;56;1;6;9;10;29;32;37;39;51;52;0787;2;4;6;14;15;29;34;43;51;60;4;12;24;36;38;47;49;54;56;57;4;11;12;29;34;36;37;42;44;51
0288;7;13;14;17;18;20;28;32;41;55;3;16;17;28;35;44;45;46;51;55;4;7;14;16;24;28;43;49;54;58;0788;6;7;13;20;36;38;41;50;52;53;4;5;6;17;30;39;44;48;52;58;7;8;10;13;23;39;42;45;46;56
0289;3;8;24;25;30;32;38;40;54;55;2;4;8;9;27;34;35;47;55;56;3;6;11;15;22;31;34;52;55;57;0789;2;10;13;18;23;34;40;51;54;60;5;7;8;29;34;37;44;46;50;60;8;14;21;24;29;34;38;40;54;58
0290;6;14;16;17;18;19;28;31;32;51;1;11;13;19;25;36;37;40;45;48;3;5;6;9;10;15;30;37;42;43;0790;1;3;13;35;38;41;42;54;56;57;2;4;11;13;19;24;32;39;51;52;2;6;17;32;34;35;46;48;55;57
0291;8;9;10;11;16;21;30;31;34;47;5;6;11;21;23;42;44;53;55;57;1;4;12;13;35;42;44;46;54;57;0791;5;7;9;24;25;34;39;48;52;55;2;14;16;31;36;41;44;46;54;55;1;2;12;20;23;25;29;33;47;52
0292;30;32;33;39;40;50;51;53;54;56;1;7;8;13;16;17;25;49;53;60;6;11;15;17;18;21;24;32;39;56;0792;6;8;9;13;15;29;33;43;56;57;2;11;15;34;37;40;41;47;50;56;4;7;15;19;30;33;41;46;50;52
0293;4;14;21;23;26;28;35;39;44;48;2;5;14;17;20;24;33;46;51;57;1;3;5;12;13;15;43;46;49;50;0793;6;10;23;26;28;29;37;39;42;55;5;16;17;18;30;33;36;41;44;53;9;10;17;21;24;29;32;37;38;60
0294;3;6;12;20;29;31;32;33;52;55;8;12;24;26;28;31;37;41;52;58;3;5;9;18;22;28;31;41;47;48;0794;7;8;16;17;26;39;41;50;52;60;3;6;9;11;21;22;32;39;46;56;3;10;22;23;26;30;31;33;53;60
0295;7;13;21;27;30;32;38;42;48;49;1;3;15;20;36;37;39;45;51;59;10;15;21;28;38;40;47;50;51;54;0795;6;14;18;22;27;29;31;41;55;56;4;7;8;21;22;26;40;43;45;55;3;6;14;39;49;50;54;56;59;60
0296;1;5;9;13;20;23;30;31;46;54;8;20;23;31;34;36;38;44;45;46;18;22;24;28;32;35;41;45;53;56;0796;1;5;21;29;30;31;36;47;53;58;17;24;27;32;33;36;45;52;54;60;4;8;12;15;17;19;21;38;45;60
0297;1;3;9;11;29;32;43;46;54;60;2;5;13;14;15;25;30;32;49;57;7;20;21;28;31;34;40;45;49;57;0797;1;2;9;21;35;42;43;45;46;58;9;16;17;26;27;30;45;47;48;56;2;7;8;12;19;23;24;37;43;50
0298;20;26;27;31;36;37;39;43;59;60;3;8;14;15;20;24;29;33;48;50;13;16;20;21;23;30;37;41;49;54;0798;8;15;16;17;26;35;43;48;53;59;2;3;5;18;28;34;40;45;46;54;4;5;8;11;19;31;41;44;46;54
0299;7;8;14;23;29;34;35;36;42;54;2;7;9;15;21;30;38;50;53;60;5;9;28;31;37;38;41;44;56;60;0799;2;16;18;20;23;28;31;32;46;52;5;14;16;19;20;22;24;36;49;50;8;16;17;18;20;21;26;31;34;58
0300;1;2;7;8;15;16;17;39;55;58;8;15;21;30;43;44;47;49;51;52;11;12;26;29;30;33;42;50;57;59;0800;3;24;39;40;42;45;50;54;59;60;1;2;7;10;43;46;47;50;51;54;5;14;16;17;22;24;34;38;44;56
0301;6;17;19;25;28;29;31;41;49;60;7;8;10;15;20;35;36;43;52;55;1;6;13;15;16;29;30;39;48;60;0801;2;4;8;9;13;16;20;30;42;46;5;13;29;33;44;45;47;48;52;56;8;18;19;24;30;31;51;52;56;57
0302;4;5;12;21;30;37;40;41;46;58;6;12;19;20;31;34;46;51;53;58;10;13;23;26;27;36;39;44;51;59;0802;2;5;26;31;35;39;47;52;54;55;9;15;20;21;26;29;36;38;53;54;1;2;8;14;15;21;33;47;49;50
0303;1;5;7;15;34;40;43;47;53;55;1;2;14;15;19;29;41;43;48;56;5;14;20;23;43;46;49;55;57;60;0803;2;4;7;9;16;18;25;30;41;58;5;16;17;19;22;30;34;44;57;59;6;11;13;14;22;24;33;34;36;43
0304;6;17;30;31;32;35;38;50;52;59;5;14;20;30;37;41;50;51;53;59;8;16;19;26;28;30;33;39;42;43;0804;2;9;12;20;24;42;43;44;59;60;3;11;16;17;22;26;37;48;50;51;14;15;19;32;34;35;44;45;46;55
0305;4;7;11;13;20;22;32;44;51;54;3;6;15;23;25;27;31;44;59;60;12;13;18;28;38;47;51;53;58;59;0805;2;16;20;24;29;38;41;44;51;57;28;29;30;39;43;46;51;54;57;59;1;6;20;28;37;41;42;54;55;58
0306;3;16;23;27;37;39;44;48;54;56;12;14;17;28;39;41;53;54;59;60;3;8;13;14;18;25;44;51;52;55;0806;1;10;15;18;21;23;31;32;49;52;13;17;22;23;27;36;48;49;57;60;4;19;25;30;37;42;46;49;54;57
0307;3;5;7;12;20;28;29;34;37;40;9;10;15;19;21;32;37;44;50;51;1;14;15;20;23;41;47;48;55;57;0807;3;7;13;17;20;30;33;48;52;60;5;6;25;26;34;40;46;48;53;55;13;22;23;27;36;40;48;50;53;59
0308;9;11;26;30;38;41;48;49;55;59;12;18;20;21;22;25;43;52;55;60;3;11;12;24;35;40;41;54;56;57;0808;3;6;8;15;29;35;39;44;57;59;17;18;19;23;27;42;43;45;48;57;6;17;24;31;39;41;45;46;48;54
0309;2;5;15;18;23;34;38;39;45;47;3;8;13;20;25;27;32;57;59;60;5;10;18;19;20;23;24;26;38;45;0809;2;3;8;9;17;33;39;42;51;55;3;5;7;14;15;20;25;26;43;55;7;8;18;20;23;24;28;36;43;55
0310;2;9;15;17;25;42;43;46;48;59;1;3;17;26;27;29;35;42;49;52;2;3;7;8;15;18;40;41;45;46;0810;1;5;8;11;12;18;24;35;36;45;15;31;32;33;35;40;41;48;53;60;7;9;13;18;19;33;37;46;52;55
0311;2;5;13;24;25;35;38;50;53;56;12;17;18;20;26;38;51;55;56;59;21;24;26;31;32;34;35;43;53;58;0811;12;15;18;19;22;26;40;49;52;56;1;12;18;23;24;26;38;50;52;56;6;12;18;19;32;33;41;44;50;52
0312;6;11;14;16;19;26;39;53;57;58;2;4;8;10;17;18;22;32;34;52;2;15;19;23;33;34;38;41;49;58;0812;9;10;13;15;26;33;35;37;54;59;5;7;9;29;32;35;36;53;56;58;6;10;13;22;34;36;43;48;49;50
0313;10;15;18;20;24;27;33;52;55;60;10;11;22;32;34;36;37;44;51;53;16;17;19;31;35;37;41;46;48;52;0813;3;23;36;39;41;48;49;51;54;59;9;15;18;25;29;37;38;44;53;55;4;20;21;27;34;44;45;48;55;56
0314;18;23;38;39;47;48;54;55;58;59;4;13;17;21;23;33;42;43;44;47;9;14;20;29;35;37;41;46;49;55;0814;5;14;16;17;22;24;26;38;53;58;4;7;9;11;17;18;28;30;39;60;1;3;5;10;15;26;44;48;55;58
0315;6;19;29;33;38;42;53;54;58;60;3;18;25;36;37;44;46;51;56;60;12;13;14;22;34;41;47;52;54;57;0815;12;13;14;22;24;33;35;37;52;58;4;19;20;21;23;25;34;37;53;57;11;13;14;21;24;26;32;34;43;57
0316;1;8;22;28;29;34;35;36;42;51;3;13;14;21;33;35;41;44;45;55;2;3;17;18;20;22;30;36;37;58;0816;7;8;10;12;16;33;35;40;48;55;3;27;33;38;40;44;49;56;57;59;2;12;19;23;29;35;36;42;52;56
0317;8;20;21;24;27;36;50;51;54;57;2;3;4;24;29;33;40;48;52;58;8;12;15;22;23;26;27;31;41;57;0817;21;29;32;34;44;45;47;54;58;60;1;7;12;16;21;30;35;48;52;55;6;9;11;13;26;27;28;34;37;55
0318;8;14;15;16;19;24;32;33;41;56;3;5;8;29;42;45;47;51;54;59;2;4;35;37;40;43;50;52;55;56;0818;5;7;16;25;29;30;35;43;55;58;15;24;30;35;38;44;46;49;51;54;4;8;12;33;37;45;46;47;49;53
0319;1;2;6;10;11;16;35;47;50;55;11;14;23;36;39;42;48;49;53;58;5;8;19;21;27;28;36;37;38;42;0819;2;12;15;19;29;31;35;36;47;49;6;7;8;18;26;28;30;35;43;44;7;15;20;25;30;37;46;49;56;57
0320;4;8;15;21;23;27;38;43;49;54;4;12;20;25;28;29;35;42;46;57;1;3;14;19;21;33;35;39;45;53;0820;3;6;10;17;21;27;29;47;49;60;2;6;9;13;14;16;17;35;36;44;10;12;18;22;29;32;34;42;52;60
0321;1;4;6;28;32;34;40;50;51;57;3;19;33;36;37;42;45;50;52;57;4;7;11;24;25;26;28;48;50;53;0821;1;9;22;24;25;32;41;44;54;59;2;8;25;31;38;41;43;55;56;57;8;18;36;39;41;42;45;54;56;57
0322;3;8;11;25;27;37;45;46;51;57;7;13;29;31;37;40;44;53;59;60;7;14;16;21;26;37;41;43;51;56;0822;3;7;12;13;31;33;42;43;48;54;1;2;11;13;21;22;28;37;53;55;8;15;17;23;32;34;41;46;50;52
0323;9;25;41;43;47;51;52;54;55;58;1;6;7;12;19;23;30;35;41;59;2;16;19;37;46;47;51;52;53;54;0823;6;7;24;28;29;31;34;45;50;60;9;12;14;21;25;26;30;42;47;48;3;23;24;30;31;35;42;44;51;56
0324;5;7;13;21;27;30;44;46;53;59;1;10;13;16;17;21;27;33;38;53;1;8;18;21;25;30;33;41;48;59;0824;1;11;14;26;33;34;36;41;45;52;5;15;16;18;26;27;36;39;47;57;4;14;20;23;24;25;38;52;59;60
0325;1;14;19;23;31;33;34;42;56;57;8;14;17;23;27;31;32;33;49;53;6;9;13;15;25;37;38;48;53;55;0825;1;8;12;16;17;21;27;30;57;59;4;7;13;17;22;28;38;40;44;51;8;11;13;15;18;22;32;42;45;52
0326;2;5;8;11;31;39;44;47;50;58;6;19;25;32;34;41;45;52;55;58;3;8;9;31;38;42;43;45;50;54;0826;2;3;8;12;13;24;30;31;44;60;5;10;20;28;35;40;43;54;55;60;2;5;12;16;18;23;26;28;34;43
0327;5;9;15;19;22;39;42;50;54;60;4;11;17;18;35;39;47;50;51;52;3;8;26;29;46;47;49;51;58;60;0827;3;8;17;20;22;26;30;42;49;59;11;13;16;17;31;33;36;39;46;52;1;6;17;19;29;30;42;43;44;57
0328;9;13;19;20;23;38;39;41;46;54;10;15;26;28;33;34;43;51;52;58;7;8;16;18;35;36;38;42;43;54;0828;1;4;5;7;28;34;41;45;50;56;10;11;27;30;33;43;44;50;52;57;4;10;11;15;22;24;25;43;50;53
0329;10;24;28;31;36;37;42;45;51;52;5;8;16;18;38;41;45;50;53;57;2;3;29;42;45;47;48;50;51;56;0829;5;6;9;13;22;29;37;54;56;57;8;10;14;15;25;30;34;50;55;57;13;23;24;26;43;45;46;50;51;53
0330;1;2;31;39;42;43;50;52;58;59;8;9;10;13;22;29;33;37;47;49;2;4;11;13;24;31;34;39;44;51;0830;11;30;32;33;36;50;52;54;57;58;7;13;17;18;28;42;48;49;51;58;6;8;16;17;20;24;31;32;34;35
0331;3;6;9;15;30;32;34;45;46;56;16;22;28;32;35;39;48;53;56;58;11;16;18;19;22;28;37;40;49;57;0831;1;8;11;23;24;32;43;47;48;53;2;4;18;24;29;30;36;45;49;60;1;5;14;24;34;47;51;52;53;60
0332;1;5;14;18;23;43;45;53;58;59;9;10;36;37;39;41;45;47;48;54;6;10;11;12;16;19;32;38;52;53;0832;20;21;22;28;42;45;52;54;57;60;5;12;15;16;29;30;31;37;53;55;3;9;12;19;21;36;48;55;57;59
0333;6;9;10;24;25;29;36;39;46;51;3;4;6;22;29;35;47;50;51;56;3;4;7;18;27;35;42;43;44;47;0833;2;18;23;26;44;48;49;54;55;57;10;11;14;20;23;24;26;28;39;54;4;6;11;19;20;34;36;42;48;58
0334;2;9;15;30;31;39;42;43;49;60;2;10;13;19;35;40;52;54;59;60;3;7;9;16;18;26;29;33;57;59;0834;10;14;21;24;36;39;45;51;53;60;3;4;9;15;17;23;27;28;51;57;4;5;16;19;23;35;39;40;51;59
0335;4;7;13;14;17;20;25;33;42;52;4;9;11;19;22;27;29;47;50;57;4;7;13;26;27;28;29;39;44;46;0835;11;16;20;23;26;33;42;44;48;52;9;19;23;24;27;30;41;51;53;57;3;8;10;25;37;39;41;49;50;55
0336;17;23;27;28;36;39;42;51;52;59;1;2;4;8;18;24;39;42;49;60;1;6;8;11;22;26;27;28;34;56;0836;9;13;19;34;36;39;40;45;49;50;28;29;35;40;43;44;46;48;52;53;2;18;24;25;34;42;52;54;55;58
0337;1;4;20;24;25;30;50;51;52;60;5;16;18;22;30;32;33;34;57;59;4;8;10;12;24;28;33;35;46;56;0837;2;6;20;22;27;30;33;39;52;55;6;13;27;39;43;44;46;54;56;58;3;9;24;34;39;42;44;45;52;57
0338;11;13;14;18;25;32;36;46;50;55;1;3;5;11;16;33;36;44;49;58;4;5;20;32;35;53;54;56;58;60;0838;15;23;26;27;32;50;53;54;56;60;3;27;28;30;31;33;37;42;43;44;6;12;18;23;42;48;51;52;57;59
0339;3;8;16;19;21;23;30;40;43;52;8;10;12;14;24;29;30;31;35;45;2;6;10;21;30;33;37;38;54;60;0839;5;6;10;26;29;34;44;45;48;51;12;15;22;25;37;42;48;50;51;53;6;14;16;19;21;22;34;47;52;54
0340;2;3;5;9;10;19;49;56;57;60;7;9;15;17;23;25;31;32;46;55;9;20;23;25;29;35;37;48;49;59;0840;11;12;15;19;28;29;38;44;50;52;16;17;24;29;34;41;43;45;54;60;6;15;16;20;37;40;44;50;55;58
0341;2;11;16;17;18;28;30;37;45;49;3;14;15;20;21;22;24;32;40;46;3;7;10;12;14;22;25;30;42;59;0841;5;8;9;10;17;30;36;42;44;45;1;2;11;14;17;22;30;36;50;57;7;16;27;33;35;42;47;49;54;55
0342;13;15;17;18;42;44;45;53;56;59;2;3;5;28;33;37;47;49;51;60;5;21;22;24;29;36;39;49;57;59;0842;8;9;13;14;37;38;41;45;48;52;5;6;16;30;31;33;34;35;40;55;4;6;15;17;35;38;39;49;51;54
0343;5;13;14;16;26;33;36;50;56;59;5;11;20;22;33;39;43;57;58;60;17;21;22;24;28;34;37;39;40;48;0843;2;14;18;19;24;26;27;36;53;59;3;4;14;20;21;29;30;31;55;60;2;4;17;18;19;20;23;29;34;44
0344;7;15;17;21;26;35;38;42;57;59;2;3;31;32;37;38;41;42;53;56;9;21;34;36;37;44;48;50;52;55;0844;6;11;19;28;29;32;34;44;51;52;1;3;4;22;30;35;38;43;45;53;11;13;23;26;30;39;41;48;53;56
0345;11;13;17;19;26;29;35;41;55;57;8;11;18;21;22;28;34;41;43;45;2;10;11;15;16;33;47;49;53;54;0845;6;8;19;20;41;42;53;56;57;60;1;14;32;36;40;43;50;53;57;58;4;7;15;20;25;28;32;50;51;60
0346;4;5;9;15;17;20;29;41;49;57;2;8;24;27;31;42;46;49;52;53;2;3;5;12;17;20;24;25;52;55;0846;5;6;9;18;24;31;36;41;42;43;2;6;14;24;32;40;43;49;55;56;4;8;10;17;28;32;34;40;41;56
0347;12;15;25;26;27;28;32;46;47;54;1;13;18;21;29;32;36;50;57;58;7;9;20;22;23;25;38;45;53;60;0847;8;15;23;33;39;42;46;51;53;57;1;13;22;24;25;32;38;42;50;56;4;5;7;10;17;20;21;31;41;46
0348;1;14;23;24;29;32;34;40;41;46;1;2;7;25;32;38;43;45;52;53;2;19;22;24;49;51;52;53;55;56;0848;6;10;13;37;39;41;42;46;56;60;3;7;23;25;32;37;38;47;50;54;8;15;19;20;23;33;42;48;53;54
0349;1;11;22;33;37;46;48;50;52;59;3;16;26;31;34;37;38;46;47;52;14;23;25;32;33;36;39;41;54;56;0849;8;10;28;31;33;37;38;40;44;45;5;10;15;25;32;34;39;40;54;55;10;13;14;31;38;43;46;51;53;55
0350;1;4;5;22;28;42;43;48;52;59;1;12;19;37;42;44;45;50;58;59;9;13;22;24;28;39;42;51;55;56;0850;1;12;14;17;28;32;42;44;49;57;3;4;6;8;19;23;45;48;53;59;5;7;10;16;17;30;31;34;55;56
0351;2;3;13;15;26;29;34;42;52;57;19;22;28;31;45;46;49;51;57;60;4;11;13;24;26;30;40;41;54;59;0851;2;13;16;34;37;43;46;54;58;59;9;12;17;23;31;35;47;48;54;59;13;15;22;25;37;42;43;46;52;58
0352;3;4;9;11;18;24;25;30;48;52;17;28;30;40;46;48;49;53;56;59;7;8;12;20;22;39;47;52;56;60;0852;1;5;10;15;19;23;31;43;44;47;2;3;9;10;16;31;35;43;46;49;7;10;13;22;31;39;40;51;54;55
0353;1;8;11;15;17;19;21;25;35;50;5;9;11;13;22;30;32;54;59;60;1;10;25;31;42;43;48;50;56;59;0853;4;11;15;18;19;31;35;39;45;56;1;5;21;23;33;35;39;47;53;60;21;24;26;34;36;44;47;49;55;57
0354;5;9;13;14;15;18;31;41;42;59;3;12;19;21;25;35;36;47;58;59;4;8;22;25;28;39;46;48;56;59;0854;9;21;28;29;42;43;45;52;54;55;7;30;32;36;38;39;42;47;57;60;1;2;9;16;19;23;33;38;40;46
0355;4;10;15;22;24;35;44;49;54;60;16;21;24;35;41;43;49;51;54;58;1;8;15;16;19;31;32;33;37;42;0855;5;7;9;14;24;29;46;49;50;59;1;6;14;16;18;21;42;48;51;59;8;11;15;27;32;38;45;46;48;52
0356;5;7;18;19;21;27;30;38;43;59;1;2;4;7;33;34;45;50;54;56;2;4;10;15;18;37;42;50;51;60;0856;7;11;16;17;19;24;26;41;47;56;1;3;10;11;20;22;26;34;50;54;7;13;15;26;34;35;47;49;52;53
0357;1;7;8;13;19;21;35;36;38;45;1;12;20;23;26;32;39;44;52;59;5;25;28;36;37;38;43;51;56;57;0857;6;7;12;13;16;23;26;50;54;60;7;12;24;31;39;46;48;51;58;60;3;11;15;16;18;19;31;37;55;58
0358;9;11;26;29;34;37;43;55;57;59;3;13;20;21;30;32;36;37;51;60;8;12;15;19;22;25;28;49;51;56;0858;2;9;10;17;24;25;39;43;50;60;3;6;20;24;33;35;36;39;44;55;1;2;6;23;31;32;47;50;51;58
0359;2;5;10;12;24;29;36;40;51;56;2;7;12;20;21;23;24;25;36;51;9;12;18;26;29;31;33;34;42;56;0859;4;19;22;34;37;39;47;55;56;59;5;6;11;12;21;30;36;44;49;51;3;5;11;22;24;30;31;49;55;59
0360;1;3;6;9;34;38;43;44;45;51;4;5;20;25;30;41;42;44;45;53;11;15;16;18;19;26;27;45;49;54;0860;11;12;17;21;22;25;35;43;47;58;6;19;23;32;33;37;40;43;44;55;4;17;30;37;42;44;47;50;51;53
0361;5;8;10;11;23;27;35;39;43;59;1;10;13;17;19;28;42;54;58;60;1;2;10;17;22;29;32;34;45;52;0861;3;7;16;26;36;38;47;50;54;60;2;10;16;18;19;22;26;47;51;60;2;8;9;14;16;20;21;31;42;46
0362;2;4;6;13;34;39;48;54;55;56;1;4;11;12;22;25;30;32;43;59;6;21;23;25;28;37;39;45;47;50;0862;12;17;20;23;25;34;37;47;50;56;3;15;22;23;34;37;44;47;52;56;8;13;17;37;42;43;44;51;52;60
0363;9;12;14;19;29;35;41;43;47;59;3;11;13;19;27;32;39;42;53;55;3;6;7;15;20;24;32;48;52;59;0863;1;5;15;16;20;25;28;31;48;55;3;5;9;12;15;20;32;39;43;55;1;17;24;38;40;43;45;51;52;58
0364;11;13;21;25;27;36;42;45;56;60;2;3;7;16;25;32;34;36;49;58;4;9;11;27;33;34;36;44;49;50;0864;2;15;20;28;31;34;37;51;54;60;5;7;15;17;26;31;35;46;49;56;4;6;12;15;21;30;37;40;45;54
0365;3;4;6;30;33;34;36;38;43;45;11;19;23;28;29;32;43;44;56;59;4;5;18;23;26;31;33;46;51;57;0865;6;7;14;15;17;19;29;43;49;58;3;12;13;14;16;17;25;30;40;50;7;8;25;28;37;39;46;47;56;57
0366;7;17;19;20;21;23;31;34;44;48;1;15;20;30;37;40;42;44;53;55;2;5;10;11;22;34;36;49;53;59;0866;4;5;6;8;16;18;23;26;55;59;9;18;21;30;34;40;51;52;55;58;6;10;20;21;32;39;41;44;54;55
0367;7;9;12;42;43;46;47;52;55;56;1;4;17;20;29;33;49;51;58;60;9;11;14;33;36;39;40;51;53;59;0867;1;2;8;10;15;16;29;35;38;46;6;8;17;20;22;38;43;48;56;57;1;7;19;21;29;36;41;47;51;56
0368;15;16;27;33;35;36;49;50;53;56;1;2;6;13;18;22;25;31;39;40;8;12;15;25;26;36;42;46;47;50;0868;1;8;14;26;27;36;41;56;57;60;2;4;6;17;26;30;31;40;43;59;4;6;8;21;37;41;44;48;51;58
0369;11;19;23;34;38;49;50;55;58;59;1;6;9;10;13;19;21;22;30;52;4;17;22;26;27;39;46;51;56;57;0869;3;4;8;10;16;19;24;37;40;51;5;14;19;21;24;29;34;37;38;57;2;4;8;11;15;17;25;29;35;50
0370;3;4;22;26;31;34;39;54;58;60;3;16;24;25;31;34;40;44;48;60;9;24;26;27;29;33;34;46;48;50;0870;12;15;17;34;40;42;46;47;49;50;1;5;16;27;29;33;34;39;47;53;7;9;17;20;31;33;40;41;44;47
0371;12;17;22;29;32;33;34;35;37;45;6;13;22;41;46;48;52;55;58;60;4;10;15;17;27;32;34;36;47;56;0871;2;12;13;21;25;39;43;44;45;54;5;16;19;21;30;31;34;40;48;52;1;12;33;35;37;41;52;53;55;59
0372;4;10;13;15;24;31;36;53;56;58;12;14;18;24;25;30;38;40;45;58;9;11;14;29;30;39;40;44;50;54;0872;1;5;19;28;33;34;41;43;58;59;30;33;35;36;38;44;53;54;57;59;12;14;21;24;29;33;44;45;50;55
0373;11;14;17;23;25;26;31;45;52;53;2;6;10;15;18;28;37;38;49;59;10;11;13;20;23;30;32;34;38;44;0873;3;5;19;32;33;39;45;54;59;60;6;15;35;38;40;45;53;55;59;60;1;10;25;27;33;34;44;46;58;60
0374;2;14;17;21;46;47;50;53;55;58;4;12;18;20;39;41;49;50;52;54;4;6;21;22;30;32;36;50;53;54;0874;1;2;7;25;31;37;38;43;52;54;13;16;21;24;34;40;48;49;58;59;8;21;24;26;29;30;38;42;45;56
0375;7;25;29;37;38;39;40;43;49;52;2;7;15;19;21;38;40;47;48;57;5;13;15;17;33;35;40;41;46;58;0875;12;18;30;33;34;40;42;46;55;56;10;13;20;29;31;32;54;55;57;58;4;6;7;9;29;41;42;48;52;59
0376;4;11;14;16;20;33;47;53;54;58;5;11;21;24;28;34;36;47;54;58;10;13;32;38;40;44;45;50;51;54;0876;1;19;20;29;32;41;42;44;47;58;1;7;11;17;19;20;23;28;34;56;5;12;17;19;20;28;37;43;44;46
0377;13;16;20;23;36;45;50;52;56;58;1;3;6;8;18;22;24;26;35;48;5;17;19;28;33;37;43;50;53;58;0877;2;12;15;25;29;40;43;48;55;57;1;9;10;12;24;27;34;38;40;52;8;12;14;27;32;33;37;39;47;51
0378;11;28;29;30;33;38;43;44;55;58;19;21;26;31;36;37;41;44;53;54;3;4;10;11;24;40;45;47;51;57;0878;2;4;20;24;26;35;46;51;52;58;1;4;5;6;8;31;38;57;59;60;10;14;27;39;41;43;48;51;53;58
0379;3;11;17;22;26;41;48;51;56;60;6;8;15;16;38;39;43;46;58;60;10;16;21;25;33;36;40;50;51;52;0879;3;8;18;22;33;34;41;51;56;60;4;15;19;20;23;24;34;36;44;49;3;6;12;15;26;28;37;45;47;57
0380;6;7;18;30;37;42;48;51;52;53;1;10;23;28;29;31;36;41;53;54;3;4;5;7;16;30;33;49;51;53;0880;7;10;13;18;22;24;26;31;39;40;20;24;29;39;42;47;53;56;57;59;6;11;17;21;23;37;45;48;57;58
0381;1;12;15;16;29;40;47;50;55;60;7;8;10;13;17;25;27;32;48;55;7;9;19;23;24;26;34;37;43;44;0881;2;12;13;16;30;33;41;43;51;58;2;4;6;12;20;25;31;45;46;57;20;31;35;39;42;45;47;53;58;59
0382;1;13;15;17;38;44;50;52;53;58;10;22;27;31;43;44;45;46;50;54;13;18;28;32;34;38;39;43;46;59;0882;9;10;24;26;28;34;41;42;43;59;1;2;4;18;30;33;34;40;52;53;15;17;24;27;28;36;39;40;48;59
0383;1;15;16;19;20;29;30;31;34;57;1;13;21;29;41;49;50;51;58;60;6;11;13;21;25;33;35;40;48;49;0883;4;8;13;19;25;29;31;47;51;54;2;7;18;25;27;32;34;40;48;51;9;15;16;27;39;48;51;52;54;56
0384;10;12;13;15;18;20;29;35;42;45;17;32;36;37;38;44;49;51;56;57;3;6;16;19;32;33;36;40;41;43;0884;13;15;24;31;35;38;41;49;51;52;8;15;16;17;28;38;49;52;58;59;1;4;7;11;21;22;26;39;45;50
0385;7;8;10;12;19;20;23;43;56;57;1;2;9;15;26;33;34;40;45;58;21;23;24;28;34;37;45;48;51;56;0885;4;10;12;13;23;24;35;47;55;59;11;22;28;34;40;41;42;46;48;49;6;7;25;26;27;36;40;44;47;59
0386;4;13;21;28;37;39;44;45;57;59;2;5;8;11;31;39;45;50;52;53;6;11;15;20;23;27;35;48;58;59;0886;2;3;16;17;24;37;45;53;58;59;1;4;8;12;13;20;33;45;48;57;14;15;16;17;19;20;28;29;31;43
0387;3;10;13;14;20;21;25;53;54;59;4;23;29;34;37;38;42;45;49;54;7;11;13;20;21;30;33;38;46;47;0887;7;13;15;19;22;35;39;42;43;57;7;8;15;16;19;37;42;46;49;51;3;14;16;25;26;28;29;43;57;60
0388;20;26;29;30;35;36;37;40;53;60;1;2;3;10;32;34;35;39;41;51;17;27;28;33;34;40;46;51;52;59;0888;17;19;24;25;31;33;43;44;53;55;2;4;15;21;23;26;34;37;42;49;4;21;23;24;30;34;39;40;45;51
0389;1;15;17;22;24;28;30;32;48;58;1;8;15;18;22;23;32;47;55;60;1;21;22;25;31;37;41;52;55;58;0889;3;6;12;26;30;33;35;40;44;53;2;3;7;13;14;34;38;41;49;60;4;17;26;28;37;39;48;50;53;55
0390;1;7;14;26;27;38;43;52;55;57;5;6;7;10;17;22;23;28;36;59;13;15;17;19;30;42;49;51;54;57;0890;4;5;12;15;17;31;38;49;56;57;3;10;19;34;41;42;52;55;57;58;8;14;15;20;21;30;36;41;52;53
0391;2;3;15;20;36;39;41;45;46;50;2;3;14;25;31;34;36;37;49;60;9;19;20;22;23;28;35;40;55;59;0891;2;23;25;31;35;36;41;43;56;59;4;6;15;16;21;23;24;41;45;52;8;13;16;18;22;30;36;42;46;49
0392;1;3;14;15;16;20;28;45;54;56;8;11;19;23;27;47;52;56;58;60;7;16;18;19;27;28;33;34;42;45;0892;2;4;20;23;28;37;38;40;48;56;2;9;24;33;36;38;39;42;46;55;2;6;8;9;17;18;25;27;54;56
0393;15;16;17;25;26;42;45;48;54;60;3;9;28;30;36;40;41;46;51;60;1;5;15;16;17;27;29;50;53;60;0893;3;4;7;8;14;24;25;37;49;54;1;15;18;19;26;40;47;48;50;51;9;22;25;30;36;37;42;43;44;49
0394;15;22;24;25;35;43;47;52;58;60;2;8;16;21;39;46;47;53;56;60;2;17;18;21;25;29;38;45;47;48;0894;1;6;9;17;19;25;29;38;53;58;2;5;9;16;25;27;33;39;41;60;2;4;10;17;22;24;34;45;52;57
0395;3;11;26;33;39;40;42;44;45;51;3;6;11;25;32;36;38;42;51;55;17;18;22;36;40;42;43;51;54;57;0895;8;11;14;16;18;36;41;44;46;54;4;5;22;24;29;33;39;46;51;53;12;22;24;37;39;45;47;57;58;60
0396;8;9;13;16;24;33;39;43;54;60;3;4;8;9;12;13;28;38;47;52;3;6;17;26;33;36;40;43;46;54;0896;4;5;16;23;31;34;38;47;58;60;4;7;10;11;13;18;40;51;52;60;5;12;15;16;33;36;41;43;45;59
0397;3;18;20;22;42;44;45;46;47;53;5;10;13;20;22;23;27;32;33;51;5;18;27;31;35;37;45;49;51;58;0897;6;7;8;9;10;17;19;32;39;44;8;9;24;31;34;36;45;47;49;60;1;7;8;27;34;40;45;53;54;55
0398;5;6;9;14;27;29;36;38;50;57;1;2;15;34;37;38;47;51;54;60;2;10;11;21;33;38;49;53;58;60;0898;13;25;30;32;35;41;44;53;57;59;2;5;7;9;25;33;36;48;52;58;3;14;15;21;22;27;45;47;50;55
0399;5;6;32;35;37;41;45;53;55;58;4;7;13;15;30;35;37;46;49;53;10;18;20;24;26;28;35;37;51;59;0899;6;10;11;15;19;38;41;52;56;58;3;5;8;12;17;31;37;42;44;59;13;24;28;40;43;47;52;53;54;59
0400;5;6;15;19;29;34;48;49;53;60;8;25;26;27;37;45;50;51;52;60;16;19;20;21;25;27;33;37;42;52;0900;3;15;17;20;21;30;40;43;47;58;1;6;12;15;21;22;24;25;28;48;8;10;12;13;16;17;27;29;36;52
0401;5;8;10;13;14;26;27;28;31;49;3;8;10;23;30;37;39;42;57;59;16;20;21;23;28;37;52;54;57;59;0901;2;11;14;22;26;46;50;51;53;55;3;4;5;23;37;42;50;52;56;58;20;25;29;34;36;43;44;47;55;57
0402;8;25;26;29;30;33;43;48;54;58;3;23;28;29;33;35;39;45;47;55;4;22;29;31;35;37;39;46;47;54;0902;12;23;25;31;36;43;50;58;59;60;7;8;14;21;25;30;39;40;43;54;5;7;11;33;38;39;42;43;49;55
0403;2;3;19;23;33;37;38;56;57;60;7;9;25;28;29;35;42;43;46;47;2;7;13;16;22;23;50;51;53;56;0903;3;4;16;28;29;35;36;46;50;55;9;14;17;23;37;45;49;50;55;56;4;5;9;19;22;26;31;43;47;59
0404;7;10;12;13;29;30;34;44;49;57;14;15;19;20;28;30;41;45;46;56;1;7;11;14;31;42;43;54;56;58;0904;3;6;10;12;19;20;31;40;53;59;4;7;14;21;29;30;40;44;55;56;1;13;17;29;31;32;39;46;47;51
0405;2;13;22;41;49;51;52;54;59;60;5;16;28;32;39;42;50;55;56;60;14;25;27;29;35;41;42;47;50;53;0905;5;17;24;30;41;45;53;55;57;59;11;25;28;30;34;35;36;42;44;60;5;15;16;18;26;30;34;44;45;60
0406;10;12;17;18;28;44;47;50;54;59;1;3;6;13;20;22;23;40;49;52;5;11;20;25;26;36;37;47;50;53;0906;15;17;25;26;33;39;41;45;50;58;12;20;23;30;31;32;37;39;48;59;3;6;7;8;17;20;25;33;36;50
0407;2;4;11;20;22;25;26;30;41;57;24;28;29;31;32;42;50;56;57;58;1;14;23;26;33;41;46;49;58;60;0907;11;14;21;33;38;40;44;50;51;54;4;10;13;14;17;19;20;21;43;44;2;4;10;19;24;36;37;40;45;54
0408;5;8;13;18;19;33;42;50;51;54;4;8;26;34;35;45;49;52;57;58;14;17;18;22;23;43;52;53;54;55;0908;1;7;11;25;38;40;47;48;57;60;7;18;28;32;37;39;49;52;54;55;5;15;18;25;31;35;36;44;58;59
0409;1;3;5;23;24;33;34;41;52;55;4;5;6;21;22;26;42;52;54;58;2;5;22;26;34;37;45;50;51;56;0909;1;2;5;9;14;19;23;26;48;49;1;3;10;24;32;34;42;43;45;59;1;4;9;19;30;34;45;48;55;57
0410;7;8;10;13;27;31;37;44;47;60;1;22;26;28;30;32;33;34;57;58;2;16;26;30;31;40;43;47;49;51;0910;2;5;12;20;30;36;42;43;53;60;3;10;15;18;24;31;39;41;51;59;14;16;17;34;41;42;46;47;55;57
0411;22;29;30;35;39;40;42;48;53;54;3;12;13;14;18;24;29;49;56;59;5;8;16;18;19;22;24;28;29;46;0911;5;11;16;20;23;38;44;47;55;57;16;19;24;30;31;42;48;51;53;60;8;11;13;28;29;41;42;51;57;58
0412;5;8;14;32;35;39;40;42;51;54;3;4;18;20;26;27;29;40;43;60;4;15;17;28;30;36;45;49;55;58;0912;14;16;17;18;28;30;36;41;48;49;2;4;19;26;34;43;44;48;49;50;4;7;18;21;33;34;39;47;49;57
0413;3;6;7;13;19;25;26;28;41;43;3;4;10;12;16;28;34;39;47;51;2;8;27;32;37;43;50;53;54;57;0913;2;4;7;14;19;24;31;43;50;51;6;10;17;21;23;43;44;46;47;58;2;8;11;12;13;32;35;45;52;57
0414;15;17;26;36;38;43;44;55;57;58;6;11;24;38;42;45;49;51;56;60;2;10;12;18;19;25;27;44;47;48;0914;3;5;17;30;39;45;52;54;59;60;1;5;12;16;19;21;23;26;55;58;3;6;16;20;22;36;37;44;51;56
0415;1;3;7;15;19;24;38;42;43;53;9;10;14;15;26;31;45;51;53;55;6;7;24;27;28;39;45;46;58;59;0915;1;20;29;33;35;42;47;49;56;60;2;8;9;15;20;32;45;48;55;57;12;15;16;17;25;32;35;40;56;57
0416;5;6;9;11;34;37;44;52;54;60;13;18;25;28;31;34;41;48;49;55;1;8;10;11;25;26;38;54;57;59;0916;2;10;12;14;29;32;43;54;55;57;11;36;39;40;46;48;51;52;54;58;3;4;8;13;17;19;20;27;34;54
0417;10;12;20;27;32;34;48;50;51;56;11;15;16;43;44;45;51;55;56;60;4;6;20;28;31;34;35;51;56;58;0917;3;9;17;19;27;40;45;47;48;55;1;8;10;26;32;33;38;46;57;60;5;21;24;25;33;35;41;43;44;48
0418;5;8;9;13;17;29;34;48;50;60;6;7;14;18;25;29;39;40;51;60;18;20;25;34;36;37;38;46;57;59;0918;1;5;11;13;24;28;33;40;45;56;3;12;14;18;29;33;34;37;44;48;11;36;38;40;44;49;52;55;56;57
0419;6;8;18;31;35;38;40;44;47;58;8;9;12;14;16;19;25;31;46;50;7;8;11;14;23;29;37;42;52;54;0919;2;3;4;18;19;21;41;43;45;56;1;4;6;17;19;26;27;51;53;55;7;13;18;22;23;32;42;45;48;55
0420;9;18;21;22;29;42;44;46;57;58;3;5;10;18;31;32;43;45;47;53;3;7;8;17;22;42;49;53;54;58;0920;9;15;20;29;30;35;44;46;56;59;6;21;26;37;47;49;52;54;56;59;2;17;27;30;35;40;43;50;51;59
0421;2;4;6;19;20;27;28;35;52;54;10;14;23;41;43;45;48;53;55;59;5;8;9;20;30;37;40;44;50;57;0921;5;8;9;11;12;30;33;34;54;55;3;26;32;39;43;45;48;50;57;58;9;10;11;24;25;27;32;37;55;56
0422;2;3;4;13;17;21;23;36;37;57;1;3;6;16;25;26;29;35;54;58;4;8;13;22;24;28;29;44;49;57;0922;4;5;7;10;14;21;24;35;49;57;10;12;13;18;25;31;36;37;40;57;5;12;14;15;21;41;48;50;55;56
0423;4;27;28;41;43;44;48;50;56;59;2;6;8;19;20;32;45;46;48;53;1;2;14;18;30;37;42;50;55;57;0923;11;14;15;25;29;36;40;49;55;58;10;11;25;31;33;43;46;54;55;57;2;6;7;15;29;33;41;51;59;60
0424;9;19;20;22;23;25;27;40;42;59;1;9;15;21;35;44;45;47;51;56;6;14;24;27;40;42;49;50;53;57;0924;6;7;12;24;27;28;53;56;57;60;14;16;18;32;37;38;42;44;59;60;1;5;9;12;16;35;38;40;45;50
0425;5;6;13;23;24;34;39;45;54;57;11;12;18;19;23;24;26;27;28;56;5;14;25;30;37;38;41;48;57;58;0925;1;8;14;18;19;23;34;51;53;59;3;4;5;9;26;30;38;45;56;58;21;23;24;27;29;31;35;52;57;59
0426;7;10;11;19;32;39;41;47;50;59;11;15;22;29;33;38;43;45;48;59;8;11;16;18;25;26;42;43;46;51;0926;2;6;7;9;16;23;24;32;36;53;5;6;7;12;16;22;29;50;51;59;1;2;3;10;22;48;50;57;58;60
0427;3;7;8;12;27;34;36;38;43;58;11;12;13;15;31;34;36;40;51;58;4;14;19;26;29;32;43;45;47;59;0927;2;12;24;25;36;47;48;51;55;56;4;6;10;12;21;40;47;50;53;56;2;5;7;8;11;23;24;25;30;47
0428;3;16;30;31;34;39;43;47;48;52;4;12;20;31;37;38;49;55;58;60;13;14;19;22;25;26;36;38;52;53;0928;10;14;28;35;36;38;47;48;55;60;5;10;14;15;25;27;38;50;57;58;3;5;7;11;12;17;23;27;44;58
0429;19;31;33;40;47;48;50;54;57;60;2;5;23;26;31;36;39;40;48;60;9;14;16;17;41;43;53;54;55;56;0929;4;9;20;27;31;47;53;56;57;59;2;4;12;19;20;35;36;39;47;60;2;4;13;18;20;22;31;50;54;58
0430;10;22;29;30;45;50;52;53;55;57;3;5;10;11;12;36;48;50;58;59;9;15;22;24;29;34;38;43;48;49;0930;4;14;22;35;36;42;43;46;49;55;5;11;15;37;39;44;46;48;50;53;21;24;25;29;30;33;37;44;50;53
0431;4;13;17;33;35;36;38;39;43;45;7;11;14;19;20;29;43;44;47;53;7;8;25;26;28;33;36;41;42;52;0931;11;12;13;15;29;38;52;53;56;60;5;9;15;25;28;30;33;40;42;55;3;4;10;17;19;32;36;47;54;57
0432;2;5;6;7;9;12;18;26;35;52;9;11;12;29;32;36;37;47;52;56;1;5;10;22;25;26;41;51;52;59;0932;8;11;17;22;23;25;37;38;41;44;1;5;25;26;38;39;42;57;59;60;11;12;13;29;33;43;45;47;53;57
0433;1;5;16;18;22;39;42;54;57;59;3;30;34;41;44;47;49;53;55;56;4;9;22;25;35;36;42;52;55;57;0933;14;16;17;19;22;23;37;39;42;44;13;17;24;27;39;46;48;50;58;59;13;15;32;37;44;46;49;51;53;55
0434;1;11;14;17;20;30;44;50;51;52;9;12;21;22;39;41;47;48;52;57;8;9;11;12;29;36;38;39;40;42;0934;3;7;8;16;18;24;38;48;51;55;4;27;29;34;38;41;42;46;51;55;4;15;18;19;31;46;52;55;56;58
0435;2;8;16;17;28;38;43;44;50;58;6;12;21;30;35;39;42;44;53;60;4;6;23;25;29;32;37;53;59;60;0935;10;11;13;35;38;41;52;53;55;56;3;5;6;12;21;28;39;42;53;56;1;4;7;13;16;19;30;32;40;58
0436;1;13;20;30;32;35;43;52;55;60;7;11;30;32;44;52;53;54;56;57;7;8;15;19;30;40;43;47;51;58;0936;3;10;12;14;17;24;39;46;54;57;3;11;13;15;17;25;39;47;59;60;17;18;20;22;23;29;31;41;44;50
0437;4;6;8;15;24;27;28;34;37;54;1;4;16;24;28;29;35;51;53;59;10;19;21;24;25;34;40;47;49;58;0937;3;5;14;16;18;25;33;46;54;55;5;11;14;29;30;44;46;49;52;58;2;5;9;24;27;36;43;44;49;58
0438;2;7;10;15;26;36;42;43;52;53;1;9;13;14;17;21;26;45;53;60;4;9;12;23;27;40;42;52;55;59;0938;7;15;29;32;34;36;40;42;55;60;14;17;18;26;29;30;31;36;38;58;1;7;10;14;23;38;44;45;54;58
0439;3;8;10;14;15;16;27;29;38;60;3;4;7;15;20;34;35;37;39;49;11;15;18;23;26;34;36;40;55;58;0939;14;23;24;26;31;32;49;50;55;60;12;14;27;31;37;40;42;47;50;52;1;4;5;11;21;22;30;42;51;60
0440;1;4;11;13;16;21;23;26;48;60;1;3;5;14;23;31;38;39;55;58;4;6;13;17;28;37;43;46;52;53;0940;4;9;10;17;20;22;29;37;52;54;7;14;15;23;29;30;37;40;44;50;3;18;26;32;34;40;42;45;57;59
0441;11;21;23;27;37;44;47;50;55;60;17;25;27;29;44;45;48;49;50;54;5;9;17;18;28;30;31;37;44;47;0941;1;20;24;30;31;51;52;56;58;59;10;13;18;34;35;40;43;44;50;52;2;3;13;26;31;32;34;35;48;59
0442;12;19;20;27;28;32;41;44;55;58;2;3;12;19;20;43;46;57;58;60;10;19;21;26;33;34;37;46;49;58;0942;3;13;16;18;24;31;37;43;46;48;6;8;13;15;20;40;42;47;48;54;14;15;17;32;34;37;47;52;53;58
0443;6;12;20;34;40;42;48;52;54;59;4;7;17;19;24;26;33;38;40;54;8;20;21;34;40;45;47;48;57;60;0943;1;4;18;37;38;43;44;47;58;60;17;20;29;30;35;36;37;38;53;57;8;9;22;24;27;39;42;52;55;57
0444;1;16;18;21;26;39;43;54;55;59;4;7;8;10;20;26;35;40;46;60;1;2;5;8;17;26;37;39;45;56;0944;13;14;16;25;26;37;42;48;51;59;14;16;18;22;29;33;37;39;44;52;5;8;10;17;21;25;29;31;34;44
0445;13;15;22;25;29;31;37;39;45;49;8;24;30;39;45;46;53;54;57;59;10;17;23;27;33;38;50;56;58;60;0945;2;12;21;24;30;31;38;45;46;51;8;14;17;25;34;43;48;50;52;60;3;5;8;17;23;39;44;50;57;60
0446;2;8;9;19;20;29;30;35;42;59;6;13;17;19;20;30;33;56;58;59;2;9;12;17;27;42;52;53;56;59;0946;1;14;24;25;30;39;46;53;55;56;13;18;19;21;22;47;50;52;55;57;8;10;13;23;24;28;32;46;48;53
0447;1;5;20;23;26;27;37;41;52;55;7;16;18;25;30;34;37;54;56;58;5;7;12;16;18;30;35;38;39;52;0947;1;3;5;6;11;14;20;34;36;37;1;2;10;12;15;21;31;42;47;51;1;2;3;5;7;10;18;26;28;38
0448;14;16;30;32;37;43;45;49;59;60;5;21;25;29;39;40;43;50;55;60;27;29;31;34;43;45;47;48;58;59;0948;2;7;31;34;38;40;48;49;55;58;2;18;19;20;25;28;32;44;52;58;3;6;15;31;34;35;41;44;51;52
0449;4;7;12;21;23;24;35;38;42;53;6;7;10;12;15;31;44;47;48;59;5;6;13;19;21;36;38;49;55;60;0949;4;17;20;31;38;40;41;44;45;56;20;21;22;29;31;35;47;51;53;60;2;14;15;22;44;45;47;55;56;60
0450;5;22;23;25;27;29;35;39;41;44;12;16;23;26;30;39;46;48;58;60;12;19;20;21;25;40;42;51;53;55;0950;1;3;4;7;8;15;16;23;35;44;1;14;19;23;24;25;28;29;51;52;6;22;24;26;30;35;39;44;51;57
0451;2;15;16;22;25;26;29;33;41;44;7;17;32;38;44;49;50;52;58;59;20;23;25;39;40;41;43;47;53;55;0951;3;19;39;41;42;44;48;51;55;60;5;7;9;10;32;37;49;54;55;58;7;9;19;22;23;24;30;35;51;55
0452;7;10;15;20;26;35;41;51;52;56;5;6;19;20;24;37;38;43;57;58;1;2;9;21;28;36;45;52;55;60;0952;4;5;14;18;24;29;34;52;53;60;5;14;15;21;28;35;47;49;58;60;2;7;18;22;32;35;41;42;54;57
0453;3;7;11;21;24;29;31;47;52;56;8;15;21;23;26;28;39;47;53;58;1;4;6;26;27;31;38;43;46;53;0953;2;6;8;19;22;24;30;34;35;36;9;10;18;32;36;45;46;47;50;55;8;11;15;18;26;29;33;46;55;56
0454;10;16;20;30;31;32;40;42;51;58;3;6;17;35;41;43;44;47;48;59;2;9;10;17;21;24;25;44;58;60;0954;1;15;20;22;27;29;32;33;37;49;3;7;10;38;39;40;44;49;52;53;8;13;21;23;24;35;40;46;49;51
0455;5;14;22;25;28;36;37;47;56;57;1;5;7;9;15;18;35;43;53;56;9;12;16;34;39;40;51;52;53;56;0955;5;12;16;22;25;26;31;35;47;51;32;34;37;38;46;48;49;51;55;56;13;14;23;28;29;32;40;50;56;59
0456;3;7;9;21;28;31;44;45;58;60;2;6;8;14;17;45;47;54;56;58;6;24;33;37;42;49;50;57;59;60;0956;5;8;14;27;28;33;39;51;54;56;3;5;6;11;13;18;21;25;26;48;2;9;21;31;33;40;46;47;57;59
0457;5;6;7;9;10;12;25;43;49;56;1;3;4;13;26;29;48;52;56;57;6;9;11;12;20;23;25;32;43;59;0957;3;17;20;21;35;39;43;44;49;54;2;19;33;35;37;44;46;48;52;59;2;9;24;27;35;37;46;48;49;56
0458;2;15;16;29;37;41;48;53;57;58;3;4;6;14;24;26;30;42;53;60;4;7;8;10;14;17;37;51;53;54;0958;5;13;17;21;26;31;32;44;57;59;3;8;9;11;30;37;38;40;43;52;1;4;18;19;21;30;32;33;38;50
0459;2;4;10;14;19;20;36;46;50;52;3;4;11;14;21;28;29;32;47;54;2;7;20;21;27;36;37;42;53;58;0959;1;2;12;15;18;20;30;45;52;55;1;8;18;22;24;34;45;46;49;50;2;3;14;20;22;27;30;40;43;49
0460;7;9;20;21;31;33;41;52;56;59;11;26;31;38;44;45;52;54;57;60;11;17;18;21;24;25;47;51;55;60;0960;3;25;33;36;37;39;44;49;50;53;2;7;9;12;20;28;32;44;48;57;5;10;16;19;22;28;44;50;51;60
0461;3;14;21;22;27;30;50;52;53;58;6;9;21;25;34;35;45;48;51;59;8;14;16;17;28;34;36;38;53;60;0961;7;11;14;18;31;37;47;49;50;57;6;8;15;25;28;34;36;37;54;59;2;17;22;24;26;36;40;52;55;57
0462;5;11;19;21;23;37;42;48;55;60;2;25;32;36;39;43;47;50;52;60;1;7;13;15;19;23;26;42;46;59;0962;1;2;4;7;9;42;44;47;52;60;1;6;9;11;16;26;31;35;38;46;10;12;16;18;22;36;37;38;45;46
0463;1;9;16;41;45;47;49;52;57;58;13;14;15;16;33;34;41;43;46;59;7;14;19;23;24;27;32;35;41;52;0963;7;9;14;15;23;26;31;32;51;56;6;13;15;17;28;35;39;43;51;60;5;14;34;37;39;41;44;51;52;54
0464;1;3;16;22;26;29;43;45;53;57;3;10;15;18;28;32;40;41;52;54;1;19;20;22;24;30;35;42;58;59;0964;11;16;19;23;25;26;31;32;34;42;2;12;14;17;18;24;44;45;54;59;4;8;10;12;25;37;38;44;57;59
0465;3;4;7;23;32;35;38;40;47;58;6;7;11;14;17;26;28;30;49;55;7;16;17;18;23;41;42;43;45;55;0965;3;20;22;24;29;34;43;50;53;58;12;18;24;25;26;32;41;47;54;58;3;7;8;11;16;17;23;28;37;60
0466;8;9;16;20;22;26;37;41;44;49;5;8;10;20;25;33;35;39;52;56;1;3;5;11;22;24;25;30;56;57;0966;5;6;20;21;25;38;41;45;47;50;2;4;6;9;14;28;36;38;39;48;8;9;21;23;26;39;50;52;58;59
0467;9;11;16;30;34;36;39;45;46;57;4;6;10;13;14;21;50;53;55;56;9;10;25;29;41;45;50;53;59;60;0967;6;7;25;29;32;44;49;55;56;60;2;3;11;18;24;31;34;47;48;56;1;18;24;26;40;42;43;45;48;56
0468;7;9;12;19;20;31;32;33;38;60;1;13;25;32;37;38;40;48;57;60;7;19;22;26;27;32;40;47;48;60;0968;1;5;8;9;11;24;47;49;51;53;1;3;6;7;21;27;30;35;44;60;14;15;19;21;22;31;40;41;42;55
0469;9;14;24;25;27;32;33;36;38;55;4;7;10;20;28;29;32;33;47;55;5;21;22;26;27;29;32;38;50;60;0969;12;15;16;18;36;42;44;47;49;53;9;14;19;21;28;31;34;37;51;60;4;5;8;10;12;35;39;40;45;51
0470;6;10;15;21;31;34;36;38;55;56;1;4;7;11;21;34;45;48;54;56;6;13;17;18;32;39;41;42;52;60;0970;8;21;25;33;35;44;46;51;52;58;5;11;17;23;33;41;54;57;59;60;2;6;15;17;25;26;27;41;56;58
0471;2;6;10;12;27;30;32;33;40;59;2;4;14;22;24;25;34;48;53;54;2;7;12;14;15;24;26;27;30;45;0971;6;24;26;28;30;32;38;46;53;59;5;6;7;9;18;26;29;47;54;60;3;6;10;13;31;39;42;44;49;53
0472;11;16;23;32;34;35;44;46;48;58;7;8;19;28;36;37;53;56;57;58;1;14;15;21;35;36;44;46;51;54;0972;13;34;42;44;45;47;48;49;53;59;6;8;16;21;25;26;46;49;51;60;4;8;11;14;22;37;47;56;57;59
0473;3;14;20;28;29;38;47;49;57;60;14;15;18;28;30;39;42;48;49;51;12;22;23;25;30;34;37;42;55;59;0973;7;10;22;23;25;31;44;46;52;58;4;17;24;32;34;40;41;47;51;56;1;4;10;20;26;28;31;40;49;51
0474;1;8;14;18;20;36;39;41;53;56;5;21;26;27;39;43;50;52;55;56;7;10;17;19;23;25;35;48;52;60;0974;7;10;12;19;22;28;31;35;58;60;6;10;12;17;22;30;31;36;39;53;1;13;32;33;34;36;44;57;58;59
0475;8;21;23;25;27;29;30;45;48;55;8;13;14;18;37;41;47;52;58;59;3;7;10;11;24;26;30;49;51;59;0975;3;5;12;29;46;47;48;53;57;59;11;17;23;33;36;44;45;52;53;58;5;7;11;17;18;24;29;38;53;54
0476;21;22;30;34;35;43;45;46;51;57;4;9;10;28;31;32;43;45;49;56;1;3;16;19;22;27;31;33;54;55;0976;2;10;13;16;27;32;45;52;56;57;4;8;19;23;32;36;45;50;58;60;7;13;24;27;29;32;40;47;51;54
0477;13;22;23;35;36;40;44;47;48;58;3;8;18;19;28;34;39;43;48;54;10;11;12;20;37;39;45;54;56;58;0977;10;14;20;23;24;42;43;47;51;60;2;15;28;34;41;43;48;49;55;60;2;14;19;31;40;43;47;53;55;58
0478;6;9;11;16;20;25;35;38;58;59;4;9;15;18;25;27;28;40;48;50;15;16;25;34;35;42;43;49;52;54;0978;1;10;12;18;30;35;37;50;52;56;3;5;15;31;37;40;42;46;50;60;6;10;19;20;21;32;37;45;56;58
0479;13;15;17;22;27;28;37;44;46;53;3;4;10;14;33;34;46;47;50;59;7;8;10;24;27;34;37;47;52;58;0979;4;11;16;20;25;28;32;35;48;49;2;22;31;44;49;50;52;53;54;60;12;14;20;27;30;46;47;53;55;57
0480;9;17;21;29;39;41;44;48;51;54;4;8;12;18;27;29;48;49;56;60;2;3;6;15;20;35;44;49;50;51;0980;6;10;22;24;29;30;32;34;43;48;1;2;14;19;21;35;45;46;48;59;11;26;30;31;35;39;46;50;54;57
0481;8;10;11;15;18;25;27;51;53;60;11;13;19;25;36;52;53;54;55;60;1;7;11;23;28;30;31;41;45;60;0981;6;20;23;28;36;42;49;52;54;58;1;9;13;23;27;35;38;42;53;54;6;12;17;19;21;28;29;33;50;55
0482;8;21;26;27;33;38;39;49;50;55;2;6;12;16;21;29;31;37;40;45;3;15;21;23;25;27;28;35;43;60;0982;11;15;22;24;29;33;34;41;48;56;11;16;21;25;26;34;36;51;56;60;14;17;18;22;23;25;26;30;50;60
0483;2;12;15;27;37;38;41;42;57;59;2;11;15;16;20;23;31;36;38;45;14;29;37;39;43;45;46;49;56;59;0983;7;13;19;20;35;42;45;48;51;53;5;10;14;15;17;24;36;44;47;57;3;12;14;15;29;35;38;39;42;59
0484;9;10;14;20;32;41;42;50;56;57;4;11;20;24;31;34;37;41;54;55;5;13;14;16;27;31;34;38;48;55;0984;1;2;9;10;14;24;25;27;36;59;5;7;13;35;37;38;41;49;56;57;11;13;20;21;31;36;37;55;57;59
0485;9;18;19;21;27;40;47;49;50;58;5;8;21;22;38;39;46;49;53;58;9;17;20;22;27;31;33;37;42;45;0985;3;8;9;13;16;18;22;32;41;51;1;7;25;28;38;42;45;47;50;52;6;16;22;24;28;36;50;51;58;60
0486;9;10;19;22;25;32;39;44;46;57;1;19;20;24;26;30;40;43;48;51;1;16;30;39;40;41;44;46;51;58;0986;8;14;17;21;22;26;32;40;47;59;4;14;19;21;24;26;36;39;50;52;1;3;5;15;35;45;47;52;57;59
0487;9;21;25;26;30;36;39;40;45;47;1;4;5;31;36;39;41;44;53;57;3;8;9;23;24;42;48;49;51;59;0987;6;8;11;28;31;41;46;51;55;58;5;12;13;17;22;35;38;43;52;58;1;11;13;24;33;35;42;44;51;58
0488;2;10;12;13;34;35;47;49;52;57;1;2;5;18;24;31;34;42;54;58;1;6;7;12;16;18;38;50;53;56;0988;5;12;13;21;27;32;33;34;38;46;4;13;19;20;21;31;37;43;49;53;19;26;29;40;46;47;52;53;58;60
0489;2;3;13;16;30;35;45;51;56;58;2;8;18;22;28;29;35;41;48;53;9;16;21;31;33;35;41;47;52;60;0989;1;6;17;22;36;41;45;49;52;59;6;14;18;27;30;36;37;42;43;59;3;8;18;19;22;33;35;45;50;59
0490;8;11;12;14;15;34;40;42;48;59;1;9;12;13;21;28;49;55;58;59;4;12;16;18;21;22;39;43;47;54;0990;1;2;8;11;30;33;39;43;44;46;2;6;12;14;18;28;31;33;52;54;2;8;9;11;25;29;40;44;47;56
0491;6;7;10;16;19;26;40;41;45;47;6;8;12;21;25;39;40;51;52;60;1;16;21;28;29;32;44;47;55;58;0991;1;2;12;15;20;35;38;48;54;57;6;9;11;18;22;31;40;47;55;59;1;22;26;34;46;50;52;55;58;59
0492;2;23;27;28;29;30;33;39;45;54;1;4;9;16;23;30;31;35;43;51;3;7;10;20;24;39;44;46;58;60;0992;5;9;19;21;25;32;35;38;51;58;5;8;19;22;39;42;43;48;55;56;2;3;6;12;24;30;31;38;48;51
0493;3;12;17;28;29;32;38;51;56;57;2;7;12;14;23;27;40;47;53;54;9;10;11;20;21;26;33;38;49;56;0993;2;10;15;17;22;32;43;50;53;58;3;8;9;12;15;30;32;38;40;52;2;3;19;21;26;43;47;48;51;54
0494;1;2;13;14;17;18;22;23;25;34;11;13;17;22;32;40;45;55;57;59;3;9;26;27;34;37;39;43;54;60;0994;5;7;11;16;32;34;35;42;43;49;7;12;19;28;32;33;35;41;46;50;4;22;23;30;36;40;41;49;55;57
0495;2;8;14;24;28;30;49;51;54;59;1;5;6;9;16;24;27;31;43;51;1;2;4;6;22;23;29;47;56;60;0995;14;15;23;26;28;37;48;51;55;59;2;8;9;21;22;25;37;38;56;59;2;5;14;24;27;29;50;55;57;60
0496;22;24;25;31;36;39;44;48;53;59;2;3;13;17;19;26;36;44;46;55;7;9;16;22;37;39;43;44;46;57;0996;3;5;10;20;23;33;37;43;51;53;2;3;6;12;13;39;46;50;51;60;10;17;18;19;29;30;32;36;43;46
0497;3;13;23;36;39;40;46;52;53;55;2;19;22;24;26;33;45;46;48;51;3;12;13;14;20;25;30;33;43;60;0997;6;10;13;14;21;23;24;30;39;58;7;9;12;22;25;26;29;36;43;44;1;9;13;19;21;25;34;41;46;59
0498;3;5;13;18;19;23;27;32;36;42;5;10;14;20;21;23;26;35;53;59;7;10;16;26;27;40;44;50;58;59;0998;1;2;12;23;28;30;38;41;55;59;14;22;27;37;41;42;45;53;54;58;3;22;25;31;47;49;50;51;54;58
0499;3;13;14;20;25;31;37;44;47;58;4;7;8;13;15;38;39;41;50;59;3;15;19;20;26;28;41;48;50;51;0999;3;5;11;16;17;23;35;36;40;43;7;8;9;11;25;35;41;54;58;59;4;10;22;24;27;33;39;43;46;55
0500;1;16;23;30;33;36;38;51;52;59;2;9;21;22;32;36;40;46;49;60;1;5;14;17;20;22;23;28;42;60;1000;1;22;24;25;28;35;43;48;49;59;21;25;30;32;38;41;45;46;49;54;18;22;31;33;41;43;45;51;54;60
